# ************************************************************
# Sequel Pro SQL dump
# Version 3408
#
# http://www.sequelpro.com/
# http://code.google.com/p/sequel-pro/
#
# Host: 10.0.1.238 (MySQL 5.6.21-70.0-log)
# Database: authsys
# Generation Time: 2015-04-27 01:49:10 +0000
# ************************************************************


/*!40101 SET @OLD_CHARACTER_SET_CLIENT=@@CHARACTER_SET_CLIENT */;
/*!40101 SET @OLD_CHARACTER_SET_RESULTS=@@CHARACTER_SET_RESULTS */;
/*!40101 SET @OLD_COLLATION_CONNECTION=@@COLLATION_CONNECTION */;
/*!40101 SET NAMES utf8 */;
/*!40014 SET @OLD_FOREIGN_KEY_CHECKS=@@FOREIGN_KEY_CHECKS, FOREIGN_KEY_CHECKS=0 */;
/*!40101 SET @OLD_SQL_MODE=@@SQL_MODE, SQL_MODE='NO_AUTO_VALUE_ON_ZERO' */;
/*!40111 SET @OLD_SQL_NOTES=@@SQL_NOTES, SQL_NOTES=0 */;


# Dump of table t_menu
# ------------------------------------------------------------

DROP TABLE IF EXISTS `t_menu`;

CREATE TABLE `t_menu` (
  `id` bigint(20) NOT NULL AUTO_INCREMENT,
  `system_id` int(11) NOT NULL DEFAULT '0' COMMENT '子系统ID',
  `parent_id` int(11) NOT NULL DEFAULT '0' COMMENT '上级菜单ID',
  `name` varchar(32) NOT NULL DEFAULT '' COMMENT '菜单名',
  `level` int(11) NOT NULL DEFAULT '0' COMMENT '菜单级别',
  `resource_id` int(11) NOT NULL DEFAULT '0' COMMENT '对应的资源ID',
  `uri` varchar(255) NOT NULL DEFAULT '' COMMENT '对应的uri',
  `target_tab` varchar(32) NOT NULL DEFAULT '' COMMENT '页面上显示的tabID',
  `no` int(11) NOT NULL DEFAULT '0' COMMENT '菜单序号',
  `create_user` varchar(32) NOT NULL DEFAULT '',
  `create_time` datetime NOT NULL DEFAULT '1970-01-01 00:00:00',
  `update_user` varchar(32) NOT NULL DEFAULT '',
  `update_time` timestamp NOT NULL DEFAULT CURRENT_TIMESTAMP ON UPDATE CURRENT_TIMESTAMP,
  PRIMARY KEY (`id`),
  UNIQUE KEY `sysid_parentid_name` (`system_id`,`parent_id`,`name`)
) ENGINE=InnoDB DEFAULT CHARSET=utf8;

LOCK TABLES `t_menu` WRITE;
/*!40000 ALTER TABLE `t_menu` DISABLE KEYS */;

INSERT INTO `t_menu` (`id`, `system_id`, `parent_id`, `name`, `level`, `resource_id`, `uri`, `target_tab`, `no`, `create_user`, `create_time`, `update_user`, `update_time`)
VALUES
	(1,1,0,'用户管理',0,0,'/user','user_tab',1,'','2015-04-24 16:54:53','admin','2014-12-10 18:24:27'),
	(2,1,1,'组织管理',1,1,'/org/list','tag_orglist',11,'','2015-04-24 16:54:53','admin','2014-12-19 12:08:31'),
	(3,1,1,'用户管理',1,2,'/user/list','tab_userlist',12,'','2015-04-24 16:54:53','admin','2014-12-19 12:08:40'),
	(4,1,1,'角色管理',1,3,'/role/list','tab_rolelist',13,'','2015-04-24 16:54:53','admin','2014-12-19 12:08:48'),
	(5,1,1,'权限管理',1,3,'/perm/list','tab_permlist',14,'','2015-04-24 16:54:53','admin','2014-12-19 12:09:00'),
	(6,1,1,'资源管理',1,5,'/resource/list','tab_resrclist',15,'','2015-04-24 16:54:53','admin','2014-12-19 12:09:13'),
	(7,1,0,'系统设置',0,0,'/setting','tab_setting',2,'','2015-04-24 16:54:53','admin','2014-12-10 18:24:49'),
	(8,1,7,'菜单管理',1,53,'/menu/list','tab_menulist',21,'','2015-04-24 16:54:53','admin','2015-04-25 15:34:58'),
	(9,1,7,'系统管理',1,54,'/subsystem/list','tab_subsyslist',22,'','2015-04-24 16:54:53','admin','2015-04-25 15:35:14'),
	(10,1,0,'通知管理',0,0,'/notice','tab_notice',3,'','2015-04-24 16:54:53','admin','2014-12-10 18:27:53'),
	(11,1,10,'分类管理',1,56,'/notice/category/list','tab_noticecatlist',31,'','2015-04-24 16:54:53','admin','2015-04-25 15:35:28'),
	(12,1,10,'通知管理',1,55,'/notice/list','tab_noticelist',32,'','2015-04-24 16:54:53','admin','2015-04-25 15:36:00'),
	(13,4,0,'物流中心',0,0,'','',1,'admin','2015-04-24 16:54:53','admin','2015-04-24 18:35:09'),
	(14,4,0,'基础配置',0,0,'','',2,'admin','2015-04-24 16:54:53','admin','2015-01-22 14:24:26'),
	(15,4,13,'入库查询',1,6,'/logis/order/delivery/list','tab_logis_delivery',100,'admin','2015-04-24 16:54:53','admin','2015-01-22 14:19:13'),
	(16,4,13,'取件查询',1,7,'/logis/order/pickup/list','tab_logispickup',101,'admin','2015-04-24 16:54:53','admin','2015-01-22 14:19:22'),
	(17,4,13,'盘点管理',1,8,'/logis/taking/list','tab_logistaking',102,'admin','2015-04-24 16:54:53','admin','2015-01-22 14:19:34'),
	(18,4,13,'退回管理',1,9,'/logis/withdraw/list','tab_logiswithdraw',104,'admin','2015-04-24 16:54:53','admin','2015-01-22 14:19:50'),
	(19,4,13,'结算管理',1,10,'/logis/settle/list','tab_logissettle',105,'admin','2015-04-24 16:54:53','admin','2015-01-22 14:19:59'),
	(20,4,13,'批次管理',1,11,'/config/express/query_list','tab_logisbatch',106,'admin','2015-04-24 16:54:53','admin','2015-04-24 16:55:07'),
	(21,4,13,'揽件管理',1,12,'/logis/sending/order_list','tab_logissending',107,'admin','2015-04-24 16:54:53','admin','2015-01-22 14:20:30'),
	(22,4,14,'快递公司',1,13,'/config/express/list','tab_cnfexpress',200,'admin','2015-04-24 16:54:53','admin','2015-01-22 14:20:43'),
	(23,4,14,'物业公司',1,14,'/config/property/list','tab_cnfproperty',201,'admin','2015-04-24 16:54:53','admin','2015-01-22 14:20:53'),
	(24,4,14,'校园小区',1,15,'/config/garden/list','tab_cnfgarden',202,'admin','2015-04-24 16:54:53','admin','2015-01-22 14:21:00'),
	(25,4,14,'货架管理',1,16,'/config/shelf/list','tab_cnfshelf',204,'admin','2015-04-24 16:54:53','admin','2015-01-22 14:21:13'),
	(26,4,14,'柜体管理',1,17,'/config/cabinet/list','tab_cnfcabinet',205,'admin','2015-04-24 16:54:53','admin','2015-01-22 14:21:19'),
	(27,4,14,'投递卡管理',1,18,'/config/icard/list','tab_cnficard',207,'admin','2015-04-24 16:54:53','admin','2015-01-22 16:44:35'),
	(28,2,0,'快递维护',0,0,'','',1,'admin','2015-04-24 16:54:53','admin','2015-01-22 17:08:12'),
	(29,2,0,'客服管理',0,0,'','',2,'admin','2015-04-24 16:54:53','admin','2015-01-22 17:13:33'),
	(30,2,28,'柜体查询',1,63,'/cabi/list','tab_cabinet',100,'admin','2015-04-24 16:54:53','admin','2015-04-25 15:31:30'),
	(31,2,28,'订单查询',1,64,'/order/list','tab_orderlist',101,'admin','2015-04-24 16:54:53','admin','2015-04-25 15:31:38'),
	(32,2,29,'记录查询',1,66,'/record/list','tab_recordlist',203,'admin','2015-04-24 16:54:53','admin','2015-04-25 15:32:12'),
	(33,2,29,'知识库',1,67,'/wiki/list','tab_wikilist',204,'admin','2015-04-24 16:54:53','admin','2015-04-25 15:32:19'),
	(34,2,29,'客服分组',1,65,'/group/list','tab_grouplist',200,'admin','2015-04-24 16:54:53','admin','2015-04-25 15:31:54'),
	(35,4,14,'物流中心',1,23,'/config/logis/list','tab_cnflogis',203,'admin','2015-04-24 16:54:53','admin','2015-04-25 15:30:15'),
	(36,4,13,'问题订单',1,24,'/logis/order/problem/list','problem_idlist',103,'admin','2015-04-24 16:54:53','admin','2015-01-22 14:25:16'),
	(37,4,0,'其他配置',0,0,'','',9,'admin','2015-04-24 16:54:53','admin','2015-01-22 14:24:38'),
	(38,4,37,'上传图片',1,60,'/other/upload/picture','other_pic',900,'admin','2015-04-24 16:54:53','admin','2015-04-25 15:33:05'),
	(39,2,47,'用户反馈',1,48,'/feedback/list','tab_feedback',401,'admin','2015-04-24 16:54:53','admin','2015-04-17 10:08:35'),
	(40,2,29,'通话记录',1,73,'/phone/list','phone_idlist',201,'admin','2015-04-24 16:54:53','admin','2015-04-25 15:32:01'),
	(41,4,0,'活动管理',0,0,'','',3,'admin','2015-04-24 16:54:53','admin','2015-01-22 14:24:32'),
	(42,4,41,'柜体维度配置',1,26,'/cab/conf/list','cab_conf_list',300,'admin','2015-04-24 16:54:53','admin','2015-03-31 10:11:20'),
	(43,4,41,'柜体广告管理',1,27,'/cab/ad/item/list','cab_aditem_list',301,'admin','2015-04-24 16:54:53','admin','2015-03-31 10:11:30'),
	(44,4,41,'柜体活动管理',1,28,'/cab/act/list','cab_act_list',302,'admin','2015-04-24 16:54:53','admin','2015-03-31 10:11:38'),
	(45,4,41,'充值奖励管理',1,29,'/cab/act/rechconf/list','cab_act_rechconf',303,'admin','2015-04-24 16:54:53','admin','2015-03-31 10:11:47'),
	(46,4,14,'柜体套餐',1,25,'/config/tariff/list','conf_tarfii_list',206,'admin','2015-04-24 16:54:53','admin','2015-01-22 16:51:05'),
	(47,2,0,'用户反馈',0,0,'','',4,'admin','2015-04-24 16:54:53','admin','2015-01-22 20:22:31'),
	(48,2,0,'充值扣费',0,0,'','',3,'admin','2015-04-24 16:54:53','admin','2015-01-22 20:22:23'),
	(49,2,48,'充值记录',1,71,'/charge/recharge/list','recharge_list',301,'admin','2015-04-24 16:54:53','admin','2015-04-25 15:32:36'),
	(50,2,48,'消费记录',1,72,'/charge/order/list','charge_orderlist',302,'admin','2015-04-24 16:54:53','admin','2015-04-25 15:32:43'),
	(51,3,0,'柜体数据',0,0,'','',1,'admin','2015-04-24 16:54:53','admin','2015-01-22 21:09:30'),
	(52,3,51,'基本统计',1,0,'/cabinet/basic','cab_basic',100,'admin','2015-04-24 16:54:53','admin','2015-01-22 21:10:57'),
	(53,3,51,'充值统计',1,0,'/total/recharge/list','recharge_list',101,'admin','2015-04-24 16:54:53','admin','2015-01-22 21:17:18'),
	(54,3,51,'消费统计',1,0,'/total/charge/list','charge_list',102,'admin','2015-04-24 16:54:53','admin','2015-01-22 21:18:07'),
	(55,4,0,'导购管理',0,0,'','',4,'admin','2015-04-24 16:54:53','admin','2015-03-23 10:46:48'),
	(56,4,0,'周边管理',0,0,'','ambitus',5,'admin','2015-04-24 16:54:53','admin','2015-03-23 10:47:07'),
	(57,4,0,'APP配置',0,0,'','',6,'admin','2015-04-24 16:54:53','admin','2015-03-23 10:47:43'),
	(58,4,55,'类目维护',1,33,'/shop/item/list','idx_item',60,'admin','2015-04-24 16:54:53','admin','2015-03-31 10:26:03'),
	(59,4,55,'Banner图',1,34,'/shop/banner/list','idx_banner_list',61,'admin','2015-04-24 16:54:53','admin','2015-03-31 10:26:12'),
	(60,4,55,'推荐管理',1,35,'/shop/recommend/list','idx_recommend',62,'admin','2015-04-24 16:54:53','admin','2015-03-31 10:26:23'),
	(61,4,55,'商户分类',1,36,'/shop/category/list','idx_category',63,'admin','2015-04-24 16:54:53','admin','2015-03-31 10:26:37'),
	(62,4,55,'商家维护',1,38,'/shop/dgshop/list','idx_dgshop',64,'admin','2015-04-24 16:54:53','admin','2015-03-31 10:26:49'),
	(63,4,55,'搜索词',1,40,'/shop/search/word/list','idx_search_word',65,'admin','2015-04-24 16:54:53','admin','2015-03-31 10:27:13'),
	(64,4,56,'商家类型',1,31,'/ambitus/seller/category/list','am_category',65,'admin','2015-04-24 16:54:53','admin','2015-03-31 10:32:52'),
	(65,4,56,'商家维护',1,32,'/ambitus/seller/list','am_seller',66,'admin','2015-04-24 16:54:53','admin','2015-03-31 10:33:05'),
	(66,4,56,'商品类别',1,37,'ambitus/goods/category/list','am_goods_cate',67,'admin','2015-04-24 16:54:53','admin','2015-03-31 10:33:20'),
	(67,4,56,'商品维护',1,39,'ambitus/goods/list','am_goods_ids',68,'admin','2015-04-24 16:54:53','admin','2015-03-31 10:33:42'),
	(68,4,56,'捎带客审批',1,41,'carrying/inpassing/list','c_identity',69,'admin','2015-04-24 16:54:53','admin','2015-03-31 10:33:56'),
	(69,4,56,'号码通维护',1,42,'ambitus/yellowpage/list','am_yellow_page',70,'admin','2015-04-24 16:54:53','admin','2015-03-31 10:34:06'),
	(70,4,56,'号码通审核',1,43,'ambitus/yellowpage/audit_list','am_yellow_auditlist',71,'admin','2015-04-24 16:54:53','admin','2015-03-31 10:34:14'),
	(71,4,56,'号码通报错',1,44,'ambitus/yellowpage/error_list','am_yellow_errorlist',72,'admin','2015-04-24 16:54:53','admin','2015-03-31 10:34:22'),
	(72,4,57,'维度配置',1,45,'app/conf/list','app_conf_list',61,'admin','2015-04-24 16:54:53','admin','2015-03-31 18:26:01'),
	(73,4,57,'Banner管理',1,46,'app/banner/list','app_banner_list',62,'admin','2015-04-24 16:54:53','admin','2015-03-31 18:26:10'),
	(74,4,57,'Notice管理',1,47,'app/notice/list','app_notice_push',63,'admin','2015-04-24 16:54:53','admin','2015-03-31 18:26:20'),
	(75,2,0,'周边购物',0,0,'','ambitus',8,'admin','2015-04-24 16:54:53','admin','2015-03-23 11:07:36'),
	(76,2,75,'代购订单',1,68,'/ambitus/purchase/list','purchase_list',80,'admin','2015-04-24 16:54:53','admin','2015-04-25 15:30:52'),
	(77,2,75,'延迟订单',1,69,'/ambitus/delay/list','delay_list',81,'admin','2015-04-24 16:54:53','admin','2015-04-25 15:31:00'),
	(78,2,75,'订单日志',1,70,'/ambitus/log/list','log_list',82,'admin','2015-04-24 16:54:53','admin','2015-04-25 15:31:08'),
	(79,4,37,'全局配置',1,61,'/config/metadata/list','metadata_list',901,'admin','2015-04-24 16:54:53','admin','2015-04-25 15:33:17'),
	(80,4,37,'捎带订单消息',1,62,'/config/ordermessage/list','ordermessage_list',902,'admin','2015-04-24 16:54:53','admin','2015-04-25 15:33:28'),
	(81,4,14,'投递员管理',1,49,'/config/staff/list','staff_list',208,'admin','2015-04-24 16:54:53','admin','2015-04-10 15:54:03'),
	(82,1,1,'操作管理',1,51,'/raction/list','raction_list',208,'admin','2015-04-25 10:15:45','admin','2015-04-25 15:36:11'),
	(83,1,1,'岗位管理',1,50,'/position/list','position_list',11,'admin','2015-04-25 10:16:19','admin','2015-04-25 15:36:18');

/*!40000 ALTER TABLE `t_menu` ENABLE KEYS */;
UNLOCK TABLES;


# Dump of table t_notice
# ------------------------------------------------------------

DROP TABLE IF EXISTS `t_notice`;

CREATE TABLE `t_notice` (
  `id` bigint(20) NOT NULL AUTO_INCREMENT,
  `name` varchar(64) NOT NULL DEFAULT '' COMMENT '标题',
  `content` text NOT NULL COMMENT '内容',
  `category_id` int(11) NOT NULL DEFAULT '0' COMMENT '分类ID',
  `is_top` tinyint(4) NOT NULL DEFAULT '0' COMMENT '是否置顶',
  `is_global` tinyint(4) NOT NULL DEFAULT '0' COMMENT '是否面向所有人',
  `no` int(11) NOT NULL DEFAULT '0' COMMENT '序号',
  `status` tinyint(4) NOT NULL DEFAULT '0' COMMENT '是否有效',
  `create_user` varchar(32) NOT NULL DEFAULT '',
  `create_time` datetime NOT NULL DEFAULT '1970-01-01 00:00:00',
  `update_user` varchar(32) NOT NULL DEFAULT '',
  `update_time` timestamp NOT NULL DEFAULT CURRENT_TIMESTAMP ON UPDATE CURRENT_TIMESTAMP,
  PRIMARY KEY (`id`),
  KEY `name` (`name`),
  KEY `no` (`no`)
) ENGINE=InnoDB DEFAULT CHARSET=utf8;



# Dump of table t_notice_category
# ------------------------------------------------------------

DROP TABLE IF EXISTS `t_notice_category`;

CREATE TABLE `t_notice_category` (
  `id` bigint(20) NOT NULL AUTO_INCREMENT,
  `name` varchar(64) NOT NULL DEFAULT '' COMMENT '类别名称',
  `no` int(11) NOT NULL DEFAULT '0' COMMENT '序号',
  `update_time` timestamp NOT NULL DEFAULT CURRENT_TIMESTAMP ON UPDATE CURRENT_TIMESTAMP,
  PRIMARY KEY (`id`),
  UNIQUE KEY `name` (`name`)
) ENGINE=InnoDB DEFAULT CHARSET=utf8;



# Dump of table t_notice_who
# ------------------------------------------------------------

DROP TABLE IF EXISTS `t_notice_who`;

CREATE TABLE `t_notice_who` (
  `id` bigint(20) NOT NULL AUTO_INCREMENT,
  `notice_id` int(11) NOT NULL DEFAULT '0' COMMENT '公告ID',
  `who_type` enum('user','organization','role') NOT NULL DEFAULT 'user' COMMENT '类型',
  `who_id` int(11) NOT NULL DEFAULT '0' COMMENT '用户ID,组织ID,角色ID',
  `update_time` timestamp NOT NULL DEFAULT CURRENT_TIMESTAMP ON UPDATE CURRENT_TIMESTAMP,
  PRIMARY KEY (`id`),
  UNIQUE KEY `noticeid_whotype_whoid` (`notice_id`,`who_type`,`who_id`)
) ENGINE=InnoDB DEFAULT CHARSET=utf8;



# Dump of table t_organization
# ------------------------------------------------------------

DROP TABLE IF EXISTS `t_organization`;

CREATE TABLE `t_organization` (
  `id` bigint(20) NOT NULL AUTO_INCREMENT,
  `name` varchar(32) NOT NULL DEFAULT '' COMMENT '组织名称',
  `level` int(11) NOT NULL DEFAULT '0' COMMENT '组织级别',
  `parent_id` int(11) NOT NULL DEFAULT '0' COMMENT '上级组织ID',
  `status` int(11) NOT NULL DEFAULT '1' COMMENT '状态',
  `create_user` varchar(32) NOT NULL DEFAULT '',
  `create_time` datetime NOT NULL DEFAULT '1970-01-01 00:00:00',
  `update_user` varchar(32) NOT NULL DEFAULT '',
  `update_time` timestamp NOT NULL DEFAULT CURRENT_TIMESTAMP ON UPDATE CURRENT_TIMESTAMP,
  PRIMARY KEY (`id`),
  UNIQUE KEY `parent_name` (`parent_id`,`name`)
) ENGINE=InnoDB DEFAULT CHARSET=utf8;

LOCK TABLES `t_organization` WRITE;
/*!40000 ALTER TABLE `t_organization` DISABLE KEYS */;

INSERT INTO `t_organization` (`id`, `name`, `level`, `parent_id`, `status`, `create_user`, `create_time`, `update_user`, `update_time`)
VALUES
	(1,'北方业务部',0,0,1,'admin','2015-04-24 17:36:52','admin','2015-04-24 17:36:51'),
	(2,'运营管理中心',0,0,1,'admin','2015-04-24 17:42:23','admin','2015-04-24 17:42:22'),
	(3,'连锁店运营部',1,2,1,'admin','2015-04-24 17:42:34','admin','2015-04-24 17:42:33'),
	(4,'林大物流中心',2,3,1,'admin','2015-04-24 17:42:43','admin','2015-04-25 10:42:39'),
	(5,'承德医学院店',2,3,1,'admin','2015-04-24 17:42:59','admin','2015-04-24 17:42:58'),
	(6,'华北理工大学店',2,3,1,'admin','2015-04-24 17:43:11','admin','2015-04-24 17:43:10'),
	(7,'矿大物流中心',2,3,1,'admin','2015-04-24 17:43:23','admin','2015-04-25 10:42:52'),
	(8,'南方业务部',0,0,1,'admin','2015-04-24 17:43:32','admin','2015-04-24 17:43:31'),
	(9,'地维组',1,8,1,'admin','2015-04-24 17:43:43','admin','2015-04-24 17:43:42'),
	(10,'广西机电学院店',1,8,1,'admin','2015-04-24 17:44:01','admin','2015-04-24 17:44:00'),
	(11,'贵州高等专科学校店',1,8,1,'admin','2015-04-24 17:44:13','admin','2015-04-24 17:44:12'),
	(12,'黔东南州职业技术学院店',1,8,1,'admin','2015-04-24 17:44:24','admin','2015-04-24 17:44:23'),
	(13,'中天花园店',1,8,1,'admin','2015-04-24 17:44:35','admin','2015-04-24 17:44:34'),
	(14,'产品技术中心',0,0,1,'admin','2015-04-25 10:10:16','admin','2015-04-25 10:10:15'),
	(15,'软件部',1,14,1,'admin','2015-04-25 10:10:26','admin','2015-04-25 10:10:25'),
	(16,'服务端',2,15,1,'admin','2015-04-25 10:10:35','admin','2015-04-25 10:10:34'),
	(17,'android客户端',2,15,1,'admin','2015-04-25 10:18:08','admin','2015-04-25 10:18:08'),
	(18,'市场组',1,8,1,'admin','2015-04-25 10:18:49','admin','2015-04-25 10:18:48'),
	(19,'财务部',0,0,1,'admin','2015-04-25 10:19:21','admin','2015-04-25 10:19:20'),
	(20,'客服部',1,2,1,'admin','2015-04-25 10:21:22','admin','2015-04-25 10:21:21'),
	(21,'终端产品部',1,14,1,'admin','2015-04-25 10:21:43','admin','2015-04-25 10:21:42'),
	(22,'产品组',2,15,1,'admin','2015-04-25 10:22:54','admin','2015-04-25 10:22:54'),
	(23,'总经理办公会',0,0,1,'admin','2015-04-25 10:24:07','admin','2015-04-25 10:24:07'),
	(24,'质量管理部',0,0,1,'admin','2015-04-25 10:24:17','admin','2015-04-25 10:24:16'),
	(25,'综合管理部',0,0,1,'admin','2015-04-25 10:24:36','admin','2015-04-25 10:24:36'),
	(26,'河北轻工学院物流中心（唐山）',2,3,1,'admin','2015-04-25 10:24:50','admin','2015-04-25 10:24:49'),
	(27,'人力资源部',1,25,1,'admin','2015-04-25 10:24:53','admin','2015-04-25 10:24:53'),
	(28,'市场组',1,1,1,'admin','2015-04-25 10:25:18','admin','2015-04-25 10:25:18'),
	(29,'地维组',1,1,1,'admin','2015-04-25 10:25:35','admin','2015-04-25 10:25:35'),
	(30,'综合管理',1,8,1,'admin','2015-04-25 10:25:51','admin','2015-04-25 10:25:51'),
	(31,'IOS客户端',2,15,1,'admin','2015-04-25 10:26:23','admin','2015-04-25 10:28:06'),
	(32,'业务策划部',1,2,1,'admin','2015-04-25 10:27:31','admin','2015-04-25 10:27:31'),
	(33,'采购部',0,0,1,'admin','2015-04-25 10:27:37','admin','2015-04-25 10:27:36'),
	(34,'行政管理部',1,25,1,'admin','2015-04-25 10:29:02','admin','2015-04-25 10:29:01'),
	(35,'运营组',1,8,1,'admin','2015-04-25 10:38:59','admin','2015-04-25 10:38:59'),
	(36,'软件部',2,15,1,'admin','2015-04-25 10:39:39','admin','2015-04-25 10:39:39');

/*!40000 ALTER TABLE `t_organization` ENABLE KEYS */;
UNLOCK TABLES;


# Dump of table t_perm
# ------------------------------------------------------------

DROP TABLE IF EXISTS `t_perm`;

CREATE TABLE `t_perm` (
  `id` bigint(20) NOT NULL AUTO_INCREMENT,
  `name` varchar(32) NOT NULL DEFAULT '' COMMENT '权限名称',
  `oper` varchar(32) NOT NULL DEFAULT '' COMMENT '操作(add,delete,update,query)',
  `resource_id` int(11) NOT NULL DEFAULT '0' COMMENT '资源ID',
  `update_time` timestamp NOT NULL DEFAULT CURRENT_TIMESTAMP ON UPDATE CURRENT_TIMESTAMP,
  PRIMARY KEY (`id`),
  UNIQUE KEY `name` (`name`)
) ENGINE=InnoDB DEFAULT CHARSET=utf8;

LOCK TABLES `t_perm` WRITE;
/*!40000 ALTER TABLE `t_perm` DISABLE KEYS */;

INSERT INTO `t_perm` (`id`, `name`, `oper`, `resource_id`, `update_time`)
VALUES
	(1,'操作整个运营系统','',22,'2015-04-25 12:44:24'),
	(2,'操作整个客服系统','',20,'2015-04-25 12:44:31'),
	(3,'操作整个统计系统','',21,'2015-04-25 12:44:38'),
	(4,'操作整个登陆系统','',19,'2015-04-25 12:44:45'),
	(6,'KF-快递维护-管理柜体查询','',63,'2015-04-25 14:29:11'),
	(7,'KF-客服管理-查询客服分组','',65,'2015-04-25 14:29:24'),
	(8,'KF-客服管理-管理客服分组','',65,'2015-04-25 14:29:31'),
	(9,'KF-客服管理-管理通话记录','',73,'2015-04-25 14:29:37'),
	(10,'KF-客服管理-管理记录查询','',66,'2015-04-25 14:30:07'),
	(11,'KF-客服管理-管理知识库','',67,'2015-04-25 14:30:29'),
	(12,'KF-充值扣费-管理充值记录','',71,'2015-04-25 14:30:54'),
	(13,'KF-充值扣费-管理消费记录','',72,'2015-04-25 14:31:02'),
	(14,'KF-用户反馈-管理用户反馈','',48,'2015-04-25 14:31:14'),
	(15,'KF-周边购物-管理代购订单','',68,'2015-04-25 14:31:24'),
	(16,'KF-周边购物-管理延迟订单','',69,'2015-04-25 14:31:33'),
	(17,'KF-周边购物-管理订单日志','',70,'2015-04-25 14:31:41'),
	(18,'物流中心-管理入库查询','',6,'2015-04-25 14:24:26'),
	(19,'物流中心-管理盘点管理','',8,'2015-04-25 14:24:42'),
	(21,'物流中心-管理问题订单','',24,'2015-04-25 14:25:29'),
	(22,'物流中心-管理退回管理','',9,'2015-04-25 14:25:23'),
	(23,'物流中心-管理 批次管理','',11,'2015-04-25 14:25:16'),
	(24,'物流中心-管理结算管理','',10,'2015-04-25 14:25:09'),
	(25,'物流中心-管理 揽件管理','',12,'2015-04-25 14:25:00'),
	(26,'其他配置-管理上传图片','',60,'2015-04-25 14:15:34'),
	(27,'基础配置-管理快递公司','',13,'2015-04-25 14:22:32'),
	(28,'其他配置-管理全局配置','',61,'2015-04-25 14:15:54'),
	(29,'基础配置-管理物业公司','',14,'2015-04-25 14:22:17'),
	(30,'其他配置-管理捎带订单信息','',62,'2015-04-25 14:16:10'),
	(31,'基础配置-管理校园小区','',15,'2015-04-25 14:22:06'),
	(32,'基础配置-管理物流中心','',23,'2015-04-25 14:20:45'),
	(33,'APP配置-管理Notice管理','',47,'2015-04-25 14:16:59'),
	(34,'物流中心-入库-查看列表','',6,'2015-04-25 14:34:42'),
	(35,'基础配置-管理柜体管理','',17,'2015-04-25 14:21:49'),
	(36,'APP配置-管理Banner管理','',46,'2015-04-25 14:17:16'),
	(37,'物流中心-入库-确认取走','',6,'2015-04-25 14:34:54'),
	(38,'基础配置-管理货架管理','',16,'2015-04-25 14:21:42'),
	(39,'APP配置-管理纬度配置','',45,'2015-04-25 14:17:37'),
	(40,'周边管理-管理号码通报错','',44,'2015-04-25 14:18:00'),
	(41,'基础配置-管理柜体套餐','',25,'2015-04-25 14:21:27'),
	(42,'周边管理-管理号码通审核','',43,'2015-04-25 14:18:15'),
	(43,'基础配置-管理投递员管理','',49,'2015-04-25 14:20:56'),
	(44,'周边管理-管理号码通维护','',42,'2015-04-25 14:18:32'),
	(45,'基础配置-管理投递卡管理','',18,'2015-04-25 14:21:06'),
	(46,'周边管理-管理捎带客审批','',41,'2015-04-25 14:18:51'),
	(47,'周边管理-管理商品维护','',39,'2015-04-25 14:19:16'),
	(48,'活动管理-管理柜体维度配置','',26,'2015-04-25 14:19:16'),
	(49,'活动管理-管理 柜体广告管理','',27,'2015-04-25 14:18:49'),
	(50,'周边管理-管理商品类别','',37,'2015-04-25 14:19:34'),
	(51,'活动管理-管理柜体活动管理','',28,'2015-04-25 14:19:06'),
	(52,'周边管理-管理商家维护','',32,'2015-04-25 14:19:50'),
	(53,'周边管理-管理商家类型','',31,'2015-04-25 14:20:04'),
	(54,'活动管理-管理充值奖励管理','',29,'2015-04-25 14:19:41'),
	(55,'导购管理-管理类目维护','',33,'2015-04-25 14:08:46'),
	(56,'导购管理-管理banner图管理','',34,'2015-04-25 14:08:16'),
	(57,'导购管理-管理搜索词','',40,'2015-04-25 14:08:23'),
	(58,'导购管理-管理推荐管理','',35,'2015-04-25 14:08:59'),
	(59,'物流中心-入库-修改手机号','',6,'2015-04-25 14:35:14'),
	(60,'导购管理-管理商户分类','',36,'2015-04-25 14:07:25'),
	(61,'导购管理-管理商家维护','',38,'2015-04-25 14:07:55'),
	(62,'物流中心-入库-打印','',6,'2015-04-25 14:35:27'),
	(63,'物流中心-入库-导出','',6,'2015-04-25 14:35:39'),
	(64,'物流中心-入库-重发订单短信','',6,'2015-04-25 14:35:48'),
	(65,'物流中心-入库-查看详情','',6,'2015-04-25 14:36:12'),
	(66,'KF-快递维护-订单查询','',64,'2015-04-25 14:31:29'),
	(67,'活动管理-柜体维度配置-查询','',26,'2015-04-25 14:34:51'),
	(68,'活动管理-柜体广告管理-查询','',27,'2015-04-25 14:37:03'),
	(69,'物流中心-盘点-查询','',8,'2015-04-25 14:38:36'),
	(70,'物流中心-盘点-单个盘点','',8,'2015-04-25 14:39:37'),
	(71,'基础配置-快递公司－查询','',13,'2015-04-25 14:39:59'),
	(72,'基础配置-物业公司-查询','',14,'2015-04-25 14:40:29'),
	(73,'物流中心-退回-查询','',9,'2015-04-25 14:40:39'),
	(74,'物流中心-退回管理-导出','',9,'2015-04-25 14:41:45'),
	(75,'基础配置-校园小区-查询','',15,'2015-04-25 14:41:09'),
	(76,'活动管理-柜体活动管理-查询','',28,'2015-04-25 14:42:05'),
	(77,'基础配置-物流中心-查询','',23,'2015-04-25 14:42:25'),
	(78,'物流中心-批次-查询','',11,'2015-04-25 14:56:54'),
	(79,'活动管理-充值奖励管理-查询','',29,'2015-04-25 14:43:19'),
	(80,'物流中心-批次-查看详情','',11,'2015-04-25 14:43:29'),
	(81,'基础配置－物流中心合作快递公司-查询','',74,'2015-04-25 14:44:02'),
	(82,'物流中心-揽件-查询','',12,'2015-04-25 14:56:40'),
	(83,'基础配置－货架管理-查询','',16,'2015-04-25 14:45:46'),
	(84,'周边管理-商家类型-查询','',31,'2015-04-25 14:46:18'),
	(85,'周边管理-商家维护-查询','',32,'2015-04-25 14:47:10'),
	(86,'导购管理-类目维护-查询','',33,'2015-04-25 14:47:21'),
	(87,'周边管理-商品类别-查询','',37,'2015-04-25 14:48:12'),
	(88,'导购管理-类目维护-刷新','',33,'2015-04-25 14:48:30'),
	(89,'导购管理-Banner图-查询','',34,'2015-04-25 14:49:12'),
	(90,'周边管理-商品维护-查询','',39,'2015-04-25 14:49:14'),
	(91,'周边管理-商品维护-查看详情','',39,'2015-04-25 14:50:04'),
	(92,'导购管理-Banner图-刷新','',34,'2015-04-25 14:50:08'),
	(93,'周边管理-捎带客审批-查询','',41,'2015-04-25 14:50:40'),
	(94,'导购管理-推荐管理-查询','',35,'2015-04-25 14:50:41'),
	(95,'导购管理-推荐管理-刷新','',35,'2015-04-25 14:51:15'),
	(96,'基础配置-货架分区-查询','',58,'2015-04-25 14:52:56'),
	(97,'基础配置-货架分区-查看历史订单','',58,'2015-04-25 14:53:08'),
	(98,'导购管理-商家类别-查询','',36,'2015-04-25 14:54:33'),
	(99,'导购管理-商家维护-查询','',38,'2015-04-25 14:55:02'),
	(100,'导购管理-商家维护-刷新','',38,'2015-04-25 14:55:27'),
	(101,'基础配置-柜体管理-查询列表','',17,'2015-04-25 14:55:43'),
	(102,'导购管理-搜索词-查询','',40,'2015-04-25 14:55:59'),
	(103,'导购管理-搜索词-刷新','',40,'2015-04-25 14:56:37'),
	(104,'APP配置-维度配置-查询','',45,'2015-04-25 14:57:58'),
	(105,'APP配置-Banner图片管理-查询','',46,'2015-04-25 14:58:33'),
	(106,'基础配置-柜体管理-添加','',17,'2015-04-25 14:58:39'),
	(107,'APP配置-Notice管理-查询','',47,'2015-04-25 14:59:08'),
	(108,'基础配置-柜体管理-修改','',17,'2015-04-25 14:59:19'),
	(109,'基础配置-柜体管理-查看详情','',17,'2015-04-25 14:59:55'),
	(110,'基础配置-柜体套餐-查询','',25,'2015-04-25 15:03:00'),
	(111,'基础配置-投递卡管理-查询','',18,'2015-04-25 15:03:29'),
	(112,'基础配置-柜体管理-远程操作','',17,'2015-04-25 15:04:13'),
	(113,'基础配置-投递员管理-查询','',49,'2015-04-25 15:04:14'),
	(114,'基础配置-柜体管理-调试','',17,'2015-04-25 15:05:11'),
	(115,'基础配置-柜体格口-添加副柜','',59,'2015-04-25 15:08:49'),
	(116,'基础配置-柜体格口-设置空闲','',59,'2015-04-25 15:09:53'),
	(117,'基础配置-柜体格口-设置故障','',59,'2015-04-25 15:10:44'),
	(118,'基础配置-柜体格口-历史订单查询','',59,'2015-04-25 16:20:46'),
	(119,'物流中心-管理批次','',11,'2015-04-25 16:33:23'),
	(120,'基础配置-管理物流中心合作快递公司','',74,'2015-04-25 17:35:33'),
	(121,'基础配置-管理货架分区','',58,'2015-04-25 17:35:25'),
	(122,'基础配置-管理柜体格口','',59,'2015-04-25 17:34:04'),
	(124,'基础配置-柜体格口-远程开箱','',59,'2015-04-25 18:16:54'),
	(125,'基础配置-柜体格口-查询','',59,'2015-04-25 18:18:52');

/*!40000 ALTER TABLE `t_perm` ENABLE KEYS */;
UNLOCK TABLES;


# Dump of table t_perm_attr
# ------------------------------------------------------------

DROP TABLE IF EXISTS `t_perm_attr`;

CREATE TABLE `t_perm_attr` (
  `id` bigint(20) NOT NULL AUTO_INCREMENT,
  `perm_id` int(11) NOT NULL DEFAULT '0' COMMENT '权限ID',
  `attr_name` varchar(32) NOT NULL DEFAULT '' COMMENT '属性名',
  `attr_val` varchar(32) NOT NULL DEFAULT '' COMMENT '属性值',
  `update_time` timestamp NOT NULL DEFAULT CURRENT_TIMESTAMP ON UPDATE CURRENT_TIMESTAMP,
  PRIMARY KEY (`id`),
  UNIQUE KEY `perm_id_name` (`perm_id`,`attr_name`)
) ENGINE=InnoDB DEFAULT CHARSET=utf8;



# Dump of table t_perm_raction
# ------------------------------------------------------------

DROP TABLE IF EXISTS `t_perm_raction`;

CREATE TABLE `t_perm_raction` (
  `id` bigint(20) NOT NULL AUTO_INCREMENT,
  `perm_id` int(11) NOT NULL DEFAULT '0' COMMENT '权限ID',
  `ract_code` varchar(100) NOT NULL DEFAULT '' COMMENT '资源操作编码',
  `update_time` timestamp NOT NULL DEFAULT CURRENT_TIMESTAMP ON UPDATE CURRENT_TIMESTAMP,
  PRIMARY KEY (`id`),
  UNIQUE KEY `perm_id_racode` (`perm_id`,`ract_code`)
) ENGINE=InnoDB DEFAULT CHARSET=utf8;

LOCK TABLES `t_perm_raction` WRITE;
/*!40000 ALTER TABLE `t_perm_raction` DISABLE KEYS */;

INSERT INTO `t_perm_raction` (`id`, `perm_id`, `ract_code`, `update_time`)
VALUES
	(1,1,'all','2015-04-25 11:26:59'),
	(2,2,'all','2015-04-25 11:27:15'),
	(3,3,'all','2015-04-25 11:27:35'),
	(4,4,'all','2015-04-25 11:27:56'),
	(5,5,'list','2015-04-25 11:32:42'),
	(6,6,'all','2015-04-25 13:18:35'),
	(7,7,'list','2015-04-25 13:20:36'),
	(8,8,'all','2015-04-25 13:35:55'),
	(9,9,'all','2015-04-25 13:37:09'),
	(10,10,'all','2015-04-25 13:37:41'),
	(11,11,'all','2015-04-25 13:37:59'),
	(12,12,'all','2015-04-25 13:38:27'),
	(13,13,'all','2015-04-25 13:38:46'),
	(14,14,'all','2015-04-25 13:39:24'),
	(15,15,'all','2015-04-25 13:39:55'),
	(16,16,'all','2015-04-25 13:41:11'),
	(17,17,'all','2015-04-25 13:41:35'),
	(18,18,'all','2015-04-25 13:42:21'),
	(19,19,'all','2015-04-25 13:43:04'),
	(20,20,'all','2015-04-25 13:43:25'),
	(21,21,'all','2015-04-25 13:43:36'),
	(22,22,'all','2015-04-25 13:43:52'),
	(23,23,'all','2015-04-25 13:44:15'),
	(24,24,'all','2015-04-25 13:44:48'),
	(25,25,'all','2015-04-25 13:45:14'),
	(26,26,'all','2015-04-25 13:45:22'),
	(27,27,'all','2015-04-25 13:45:38'),
	(28,28,'all','2015-04-25 13:45:42'),
	(29,29,'all','2015-04-25 13:46:05'),
	(30,30,'all','2015-04-25 13:46:12'),
	(31,31,'all','2015-04-25 13:46:42'),
	(32,32,'all','2015-04-25 13:47:06'),
	(33,33,'all','2015-04-25 13:47:16'),
	(34,34,'list','2015-04-25 13:47:21'),
	(35,35,'all','2015-04-25 13:47:27'),
	(36,36,'all','2015-04-25 13:47:49'),
	(37,37,'pickup_comfirm','2015-04-25 13:47:59'),
	(38,38,'all','2015-04-25 13:48:00'),
	(39,39,'all','2015-04-25 13:48:40'),
	(40,40,'all','2015-04-25 13:49:33'),
	(41,41,'all','2015-04-25 13:49:42'),
	(42,42,'all','2015-04-25 13:49:58'),
	(43,43,'all','2015-04-25 13:50:01'),
	(44,44,'all','2015-04-25 13:50:20'),
	(45,45,'all','2015-04-25 13:50:40'),
	(46,46,'all','2015-04-25 13:50:52'),
	(47,47,'all','2015-04-25 13:51:10'),
	(48,48,'all','2015-04-25 13:51:30'),
	(49,49,'all','2015-04-25 13:51:53'),
	(50,50,'all','2015-04-25 13:52:01'),
	(51,51,'all','2015-04-25 13:52:16'),
	(52,52,'all','2015-04-25 13:52:21'),
	(53,53,'all','2015-04-25 13:52:38'),
	(54,54,'all','2015-04-25 13:52:43'),
	(55,55,'all','2015-04-25 13:54:02'),
	(56,56,'all','2015-04-25 13:54:33'),
	(57,57,'all','2015-04-25 13:56:37'),
	(58,58,'all','2015-04-25 14:06:12'),
	(59,59,'phone_edit','2015-04-25 14:07:07'),
	(60,60,'all','2015-04-25 14:07:25'),
	(61,61,'all','2015-04-25 14:07:55'),
	(62,62,'print','2015-04-25 14:07:57'),
	(63,63,'export','2015-04-25 14:08:14'),
	(64,64,'repeat_sms','2015-04-25 14:08:43'),
	(65,65,'detail','2015-04-25 14:09:01'),
	(66,66,'all','2015-04-25 14:31:29'),
	(67,67,'list','2015-04-25 14:34:51'),
	(68,68,'list','2015-04-25 14:37:03'),
	(69,69,'detail','2015-04-25 14:38:36'),
	(70,70,'add','2015-04-25 14:39:37'),
	(71,71,'list','2015-04-25 14:39:59'),
	(72,72,'list','2015-04-25 14:40:29'),
	(73,73,'list','2015-04-25 14:40:39'),
	(74,74,'export','2015-04-25 14:41:02'),
	(75,75,'list','2015-04-25 14:41:09'),
	(76,76,'list','2015-04-25 14:42:05'),
	(77,77,'list','2015-04-25 14:42:25'),
	(78,78,'list','2015-04-25 14:43:15'),
	(79,79,'list','2015-04-25 14:43:19'),
	(80,80,'detail','2015-04-25 14:43:29'),
	(81,81,'list','2015-04-25 14:44:02'),
	(82,82,'list','2015-04-25 14:45:09'),
	(83,83,'list','2015-04-25 14:45:46'),
	(84,84,'list','2015-04-25 14:46:18'),
	(85,85,'list','2015-04-25 14:47:10'),
	(86,86,'list','2015-04-25 14:47:21'),
	(87,87,'list','2015-04-25 14:48:12'),
	(88,88,'refresh','2015-04-25 14:48:30'),
	(89,89,'list','2015-04-25 14:49:12'),
	(90,90,'list','2015-04-25 14:49:14'),
	(91,91,'detail','2015-04-25 14:50:04'),
	(92,92,'refresh','2015-04-25 14:50:08'),
	(93,93,'list','2015-04-25 14:50:40'),
	(94,94,'list','2015-04-25 14:50:41'),
	(95,95,'refresh','2015-04-25 14:51:15'),
	(96,96,'list','2015-04-25 14:51:50'),
	(97,97,'order_history','2015-04-25 14:52:43'),
	(98,98,'list','2015-04-25 14:54:33'),
	(99,99,'list','2015-04-25 14:55:02'),
	(100,100,'refresh','2015-04-25 14:55:27'),
	(101,101,'list','2015-04-25 14:55:43'),
	(102,102,'list','2015-04-25 14:55:59'),
	(103,103,'refresh','2015-04-25 14:56:37'),
	(104,104,'list','2015-04-25 14:57:58'),
	(105,105,'list','2015-04-25 14:58:33'),
	(106,106,'add','2015-04-25 14:58:39'),
	(107,107,'list','2015-04-25 14:59:08'),
	(108,108,'update','2015-04-25 14:59:19'),
	(109,109,'detail','2015-04-25 14:59:55'),
	(110,110,'list','2015-04-25 15:03:00'),
	(111,111,'list','2015-04-25 15:03:29'),
	(112,112,'cab_remote_operation','2015-04-25 15:04:13'),
	(113,113,'list','2015-04-25 15:04:14'),
	(114,114,'test','2015-04-25 15:05:11'),
	(115,115,'cell_add','2015-04-25 15:08:49'),
	(116,116,'cell_idle','2015-04-25 15:09:53'),
	(117,117,'cell_glitch','2015-04-25 15:10:44'),
	(118,118,'deliver_list','2015-04-25 16:20:46'),
	(119,119,'all','2015-04-25 16:33:23'),
	(120,120,'all','2015-04-25 16:36:42'),
	(121,121,'all','2015-04-25 16:39:01'),
	(122,122,'all','2015-04-25 17:34:04'),
	(123,123,'order_history','2015-04-25 18:11:14'),
	(124,124,'open_by_admin','2015-04-25 18:16:54'),
	(125,125,'list','2015-04-25 18:18:25');

/*!40000 ALTER TABLE `t_perm_raction` ENABLE KEYS */;
UNLOCK TABLES;


# Dump of table t_position
# ------------------------------------------------------------

DROP TABLE IF EXISTS `t_position`;

CREATE TABLE `t_position` (
  `id` bigint(20) NOT NULL AUTO_INCREMENT,
  `name` varchar(32) NOT NULL DEFAULT '' COMMENT '岗位名称',
  `organization_id` int(11) NOT NULL DEFAULT '0' COMMENT '所属组织ID',
  `note` text NOT NULL COMMENT '岗位说明',
  `status` int(11) NOT NULL DEFAULT '1' COMMENT '状态 1启用2禁用3删除',
  `create_user` varchar(32) NOT NULL DEFAULT '',
  `create_time` datetime NOT NULL DEFAULT '1970-01-01 00:00:00',
  `update_user` varchar(32) NOT NULL DEFAULT '',
  `update_time` timestamp NOT NULL DEFAULT CURRENT_TIMESTAMP ON UPDATE CURRENT_TIMESTAMP,
  PRIMARY KEY (`id`),
  UNIQUE KEY `org_id_name` (`organization_id`,`name`)
) ENGINE=InnoDB DEFAULT CHARSET=utf8;

LOCK TABLES `t_position` WRITE;
/*!40000 ALTER TABLE `t_position` DISABLE KEYS */;

INSERT INTO `t_position` (`id`, `name`, `organization_id`, `note`, `status`, `create_user`, `create_time`, `update_user`, `update_time`)
VALUES
	(1,'Android开发经理',17,'',1,'admin','2015-04-25 10:50:28','admin','2015-04-25 10:50:28'),
	(2,'总经理',23,'',1,'admin','2015-04-25 10:52:09','admin','2015-04-25 10:52:09'),
	(3,'副总经理',23,'',1,'admin','2015-04-25 10:52:29','admin','2015-04-25 10:52:28'),
	(4,'采购部部门经理',33,'',1,'admin','2015-04-25 10:52:44','admin','2015-04-25 11:02:01'),
	(5,'现场运维工程师',9,'',1,'admin','2015-04-25 10:52:49','admin','2015-04-25 10:52:49'),
	(6,'Android开发工程师',17,'',1,'admin','2015-04-25 10:53:25','admin','2015-04-25 10:53:24'),
	(7,'产品经理',22,'',1,'admin','2015-04-25 10:53:31','admin','2015-04-25 10:53:31'),
	(8,'店长',7,'',1,'admin','2015-04-25 10:53:55','admin','2015-04-25 10:53:55'),
	(9,'质量管理部部门经理',24,'',1,'admin','2015-04-25 10:54:23','admin','2015-04-25 10:54:22'),
	(10,'市场营销经理',18,'',1,'admin','2015-04-25 10:55:17','admin','2015-04-25 10:55:17'),
	(11,'出纳',19,'',1,'admin','2015-04-25 10:55:52','admin','2015-04-25 10:55:52'),
	(12,'市场营销经理',26,'',1,'admin','2015-04-25 10:56:10','admin','2015-04-25 10:56:09'),
	(13,'人事行政专员',30,'',1,'admin','2015-04-25 10:58:17','admin','2015-04-25 10:58:16'),
	(14,'测试工程师',24,'',1,'admin','2015-04-25 10:58:36','admin','2015-04-25 10:58:36'),
	(15,'IOS开发主管',31,'',1,'admin','2015-04-25 10:58:54','admin','2015-04-25 10:58:53'),
	(16,'市场营销总监',28,'',1,'admin','2015-04-25 10:59:14','admin','2015-04-25 10:59:14'),
	(17,'市场营销经理',28,'',1,'admin','2015-04-25 10:59:42','admin','2015-04-25 10:59:42'),
	(18,'招聘经理',27,'',1,'admin','2015-04-25 11:00:16','admin','2015-04-25 11:00:16'),
	(19,'高级UI工程师',22,'',1,'admin','2015-04-25 11:00:30','admin','2015-04-25 11:00:30'),
	(20,'IOS开发工程师',31,'',1,'admin','2015-04-25 11:00:52','admin','2015-04-25 11:00:51'),
	(21,'客服专员',20,'',1,'admin','2015-04-25 11:01:24','admin','2015-04-25 11:01:23'),
	(22,'现场运维工程师',29,'',1,'admin','2015-04-25 11:01:59','admin','2015-04-25 11:01:59'),
	(23,'店运营专员',7,'',1,'admin','2015-04-25 11:02:22','admin','2015-04-25 11:02:21'),
	(24,'客服经理',20,'',1,'admin','2015-04-25 11:03:07','admin','2015-04-25 11:03:07'),
	(25,'高级运营经理',32,'',1,'admin','2015-04-25 11:03:41','admin','2015-04-25 11:03:40'),
	(26,'python开发工程师',16,'',1,'admin','2015-04-25 11:04:31','admin','2015-04-25 11:04:31'),
	(27,'高级JAVA开发工程师',16,'',1,'admin','2015-04-25 11:04:33','admin','2015-04-25 11:04:33'),
	(28,'初级测试工程师',24,'',1,'admin','2015-04-25 11:05:34','admin','2015-04-25 11:05:33'),
	(29,'结构开发工程师',21,'',1,'admin','2015-04-25 11:05:34','admin','2015-04-25 11:05:34'),
	(30,'硬件开发主管',21,'',1,'admin','2015-04-25 11:05:52','admin','2015-04-25 11:05:51'),
	(31,'前台',34,'',1,'admin','2015-04-25 11:06:17','admin','2015-04-25 11:06:16'),
	(32,'技术经理',21,'',1,'admin','2015-04-25 11:06:17','admin','2015-04-25 11:06:16'),
	(33,'店长',4,'',1,'admin','2015-04-25 11:06:54','admin','2015-04-25 11:06:54'),
	(34,'会计',30,'',1,'admin','2015-04-25 11:07:08','admin','2015-04-25 11:07:07'),
	(35,'企划经理',32,'',1,'admin','2015-04-25 11:07:30','admin','2015-04-25 11:07:30'),
	(36,'会计',19,'',1,'admin','2015-04-25 11:07:44','admin','2015-04-25 11:07:43'),
	(37,'销售助理',32,'',1,'admin','2015-04-25 11:07:50','admin','2015-04-25 11:07:49'),
	(38,'人力资源助理',27,'',1,'admin','2015-04-25 11:08:08','admin','2015-04-25 11:08:07'),
	(39,'高级产品经理',22,'',1,'admin','2015-04-25 11:08:15','admin','2015-04-25 11:08:14'),
	(40,'订单管理员',33,'',1,'admin','2015-04-25 11:08:30','admin','2015-04-25 11:08:30'),
	(41,'硬件测试工程师',24,'',1,'admin','2015-04-25 11:09:52','admin','2015-04-25 11:09:51'),
	(42,'人力资源经理',27,'',1,'admin','2015-04-25 11:09:53','admin','2015-04-25 11:09:53'),
	(43,'培训主管',27,'',1,'admin','2015-04-25 11:10:20','admin','2015-04-25 11:10:20'),
	(44,'财务部部门经理',19,'',1,'admin','2015-04-25 11:10:42','admin','2015-04-25 11:10:41'),
	(45,'助理硬件工程师',21,'',1,'admin','2015-04-25 11:12:10','admin','2015-04-25 11:12:09'),
	(46,'终端产品部部门经理',21,'',1,'admin','2015-04-25 11:12:33','admin','2015-04-25 11:12:32'),
	(47,'高级软件测试工程师',24,'',1,'admin','2015-04-25 11:13:54','admin','2015-04-25 11:13:53'),
	(48,'高级硬件工程师',21,'',1,'admin','2015-04-25 11:15:11','admin','2015-04-25 11:15:10'),
	(49,'IT运维工程师',15,'',1,'admin','2015-04-25 11:15:24','admin','2015-04-25 11:15:24'),
	(50,'高级Python开发工程师',16,'',1,'admin','2015-04-25 11:15:45','admin','2015-04-25 11:15:44'),
	(51,'技术总监',16,'',1,'admin','2015-04-25 11:16:22','admin','2015-04-25 11:16:22'),
	(52,'运营经理',35,'',1,'admin','2015-04-25 11:17:17','admin','2015-04-25 11:17:17'),
	(53,'品质管理工程师',21,'',1,'admin','2015-04-25 11:17:22','admin','2015-04-25 11:17:22'),
	(54,'店运营专员',4,'',1,'admin','2015-04-25 11:20:08','admin','2015-04-25 11:20:07'),
	(55,'渠道总监',32,'',1,'admin','2015-04-25 11:24:11','admin','2015-04-25 11:24:10'),
	(56,'副总经理',30,'',1,'admin','2015-04-25 11:28:21','admin','2015-04-25 11:28:21'),
	(57,'产品总监',22,'',1,'admin','2015-04-25 11:32:23','admin','2015-04-25 11:32:23'),
	(58,'HRBP',27,'',1,'admin','2015-04-25 11:36:38','admin','2015-04-25 11:36:38'),
	(59,'店运营专员',26,'',1,'admin','2015-04-25 18:00:38','admin','2015-04-25 18:00:38'),
	(60,'店长',5,'',1,'admin','2015-04-25 18:02:44','admin','2015-04-25 18:02:44');

/*!40000 ALTER TABLE `t_position` ENABLE KEYS */;
UNLOCK TABLES;


# Dump of table t_position_role
# ------------------------------------------------------------

DROP TABLE IF EXISTS `t_position_role`;

CREATE TABLE `t_position_role` (
  `id` bigint(20) NOT NULL AUTO_INCREMENT,
  `position_id` int(11) NOT NULL DEFAULT '0' COMMENT '岗位ID',
  `role_id` int(11) NOT NULL DEFAULT '0' COMMENT '角色ID',
  `update_time` timestamp NOT NULL DEFAULT CURRENT_TIMESTAMP ON UPDATE CURRENT_TIMESTAMP,
  PRIMARY KEY (`id`),
  UNIQUE KEY `posid_roleid` (`position_id`,`role_id`)
) ENGINE=InnoDB DEFAULT CHARSET=utf8;



# Dump of table t_res_action
# ------------------------------------------------------------

DROP TABLE IF EXISTS `t_res_action`;

CREATE TABLE `t_res_action` (
  `id` bigint(20) NOT NULL AUTO_INCREMENT,
  `name` varchar(32) NOT NULL DEFAULT '' COMMENT '操作名称',
  `code` varchar(64) NOT NULL DEFAULT '' COMMENT '操作编码',
  `status` int(11) NOT NULL DEFAULT '1' COMMENT '状态 1启用2禁用3删除',
  `create_user` varchar(32) NOT NULL DEFAULT '',
  `create_time` datetime NOT NULL DEFAULT '1970-01-01 00:00:00',
  `update_user` varchar(32) NOT NULL DEFAULT '',
  `update_time` timestamp NOT NULL DEFAULT CURRENT_TIMESTAMP ON UPDATE CURRENT_TIMESTAMP,
  PRIMARY KEY (`id`),
  UNIQUE KEY `resa_code` (`code`)
) ENGINE=InnoDB DEFAULT CHARSET=utf8;

LOCK TABLES `t_res_action` WRITE;
/*!40000 ALTER TABLE `t_res_action` DISABLE KEYS */;

INSERT INTO `t_res_action` (`id`, `name`, `code`, `status`, `create_user`, `create_time`, `update_user`, `update_time`)
VALUES
	(1,'添加','add',1,'admin','1970-01-01 00:00:00','','2015-04-24 16:55:07'),
	(2,'删除','delete',1,'admin','1970-01-01 00:00:00','','2015-04-24 16:55:07'),
	(3,'修改','update',1,'admin','1970-01-01 00:00:00','','2015-04-24 16:55:07'),
	(4,'查看详情','detail',1,'admin','1970-01-01 00:00:00','','2015-04-24 16:55:07'),
	(5,'查看列表','list',1,'admin','1970-01-01 00:00:00','','2015-04-24 16:55:07'),
	(6,'导出','export',1,'admin','1970-01-01 00:00:00','','2015-04-24 16:55:07'),
	(7,'导入','import',1,'admin','1970-01-01 00:00:00','','2015-04-24 16:55:07'),
	(8,'打印','print',1,'admin','1970-01-01 00:00:00','','2015-04-24 16:55:07'),
	(9,'批量盘点','multi_taking',1,'admin','1970-01-01 00:00:00','','2015-04-24 16:55:07'),
	(10,'撤销(完成)订单','revoke_dialog',1,'admin','1970-01-01 00:00:00','','2015-04-24 16:55:07'),
	(11,'批量发短信','multi_send_sms',1,'admin','1970-01-01 00:00:00','','2015-04-24 16:55:07'),
	(12,'资源分组管理','res_group_mgmt',1,'admin','1970-01-01 00:00:00','','2015-04-24 16:55:07'),
	(13,'确认取走','pickup_comfirm',1,'admin','1970-01-01 00:00:00','','2015-04-24 16:55:07'),
	(14,'修改手机号','phone_edit',1,'admin','1970-01-01 00:00:00','','2015-04-24 16:55:07'),
	(15,'管理员确认取走','admin_pickup_confirm',1,'admin','1970-01-01 00:00:00','','2015-04-24 16:55:07'),
	(16,'重发短信','repeat_sms',1,'admin','1970-01-01 00:00:00','','2015-04-24 16:55:07'),
	(17,'配置合作快递公司','deploy_express',1,'admin','1970-01-01 00:00:00','','2015-04-24 16:55:07'),
	(18,'设置密码','set_passwd',1,'admin','1970-01-01 00:00:00','','2015-04-24 16:55:07'),
	(19,'查看历史订单','history_list',1,'admin','1970-01-01 00:00:00','','2015-04-24 16:55:07'),
	(20,'启/禁用操作','enable',1,'admin','1970-01-01 00:00:00','','2015-04-24 16:55:07'),
	(21,'调试','test',1,'admin','1970-01-01 00:00:00','','2015-04-24 16:55:07'),
	(22,'上线','online',1,'admin','1970-01-01 00:00:00','','2015-04-24 16:55:07'),
	(23,'添加副柜','cell_add',1,'admin','1970-01-01 00:00:00','','2015-04-24 16:55:07'),
	(24,'置为空闲','set_free',1,'admin','1970-01-01 00:00:00','','2015-04-24 16:55:07'),
	(25,'置为故障','set_fault',1,'admin','1970-01-01 00:00:00','','2015-04-24 16:55:07'),
	(26,'远程开箱','remote_open_box',1,'admin','1970-01-01 00:00:00','','2015-04-24 16:55:07'),
	(27,'设置分区','set_layer',1,'admin','1970-01-01 00:00:00','','2015-04-24 16:55:07'),
	(28,'配置共享数据部门','set_share_depart',1,'admin','1970-01-01 00:00:00','','2015-04-24 16:55:07'),
	(29,'绑定用户','bind_user',1,'admin','1970-01-01 00:00:00','','2015-04-24 16:55:07'),
	(30,'取消','cancel',1,'admin','1970-01-01 00:00:00','','2015-04-24 16:55:07'),
	(31,'格口置故障','cell_glitch',1,'admin','1970-01-01 00:00:00','','2015-04-24 16:55:07'),
	(32,'格口置空闲','cell_idle',1,'admin','1970-01-01 00:00:00','','2015-04-24 16:55:07'),
	(33,'关闭(预约,禁用)','close',1,'admin','1970-01-01 00:00:00','','2015-04-24 16:55:07'),
	(34,'投递确认','confirm',1,'admin','1970-01-01 00:00:00','','2015-04-24 16:55:07'),
	(35,'历史订单查询','deliver_list',1,'admin','1970-01-01 00:00:00','','2015-04-24 16:55:07'),
	(36,'设置无效','disabled',1,'admin','1970-01-01 00:00:00','','2015-04-24 16:55:07'),
	(37,'取消捎带客资格','disqualify',1,'admin','1970-01-01 00:00:00','','2015-04-24 16:55:07'),
	(38,'忽略','ignore',1,'admin','1970-01-01 00:00:00','','2015-04-24 16:55:07'),
	(39,'批量添加(盘点)','multi_add',1,'admin','1970-01-01 00:00:00','','2015-04-24 16:55:07'),
	(40,'批量上架','multi_online',1,'admin','1970-01-01 00:00:00','','2015-04-24 16:55:07'),
	(41,'批量下架','multi_under',1,'admin','1970-01-01 00:00:00','','2015-04-24 16:55:07'),
	(42,'批量标记待退回','multi_withdraw',1,'admin','1970-01-01 00:00:00','','2015-04-24 16:55:07'),
	(43,'批量取消退回','multi_withdraw_cancel',1,'admin','1970-01-01 00:00:00','','2015-04-24 16:55:07'),
	(44,'开启(启用)','open',1,'admin','1970-01-01 00:00:00','','2015-04-24 16:55:07'),
	(45,'远程开箱(打开格口)','open_by_admin',1,'admin','1970-01-01 00:00:00','','2015-04-24 16:55:07'),
	(46,'查看历史订单','order_history',1,'admin','1970-01-01 00:00:00','','2015-04-24 16:55:07'),
	(47,'补录寄件信息','order_makeup',1,'admin','1970-01-01 00:00:00','','2015-04-24 16:55:07'),
	(48,'发送消息','push',1,'admin','1970-01-01 00:00:00','','2015-04-24 16:55:07'),
	(49,'恢复捎带客资格','qualify',1,'admin','1970-01-01 00:00:00','','2015-04-24 16:55:07'),
	(50,'刷新','refresh',1,'admin','1970-01-01 00:00:00','','2015-04-24 16:55:07'),
	(51,'批量结算','settle_save',1,'admin','1970-01-01 00:00:00','','2015-04-24 16:55:07'),
	(52,'重发到柜体','tocab',1,'admin','1970-01-01 00:00:00','','2015-04-24 16:55:07'),
	(53,'解除绑定用户','unbind_user',1,'admin','1970-01-01 00:00:00','','2015-04-24 16:55:07'),
	(54,'取消待退回','withdraw_cancel',1,'admin','1970-01-01 00:00:00','','2015-04-24 16:55:07'),
	(55,'批量重发短信','withdraw_multi_sms',1,'admin','1970-01-01 00:00:00','','2015-04-24 16:55:07'),
	(56,'统计接通率操作','rate',1,'admin','1970-01-01 00:00:00','','2015-04-24 16:55:07'),
	(57,'回复操作','reply_add',1,'admin','1970-01-01 00:00:00','','2015-04-24 16:55:07'),
	(58,'添加配置分类','add_metatype',1,'admin','1970-01-01 00:00:00','','2015-04-24 16:55:07'),
	(59,'远程重启','reboot',1,'admin','1970-01-01 00:00:00','','2015-04-24 16:55:07'),
	(60,'远程升级','upgrade',1,'admin','1970-01-01 00:00:00','','2015-04-24 16:55:07'),
	(61,'查看格口','view_cell_list',1,'admin','1970-01-01 00:00:00','','2015-04-24 16:55:07'),
	(62,'远程开箱','open_cell',1,'admin','1970-01-01 00:00:00','','2015-04-24 16:55:07'),
	(63,'订单取回','take_back',1,'admin','2015-04-25 13:13:58','','2015-04-25 13:13:58'),
	(64,'柜体远程操作','cab_remote_operation',1,'admin','2015-04-25 15:02:57','','2015-04-25 15:02:57');

/*!40000 ALTER TABLE `t_res_action` ENABLE KEYS */;
UNLOCK TABLES;


# Dump of table t_res_group
# ------------------------------------------------------------

DROP TABLE IF EXISTS `t_res_group`;

CREATE TABLE `t_res_group` (
  `id` bigint(20) NOT NULL AUTO_INCREMENT,
  `name` varchar(64) NOT NULL DEFAULT '' COMMENT '英文名称',
  `nick` varchar(64) NOT NULL DEFAULT '' COMMENT '显示名称',
  `status` int(11) NOT NULL DEFAULT '1' COMMENT '状态 1启用2禁用3删除',
  `sub_sys_id` int(11) NOT NULL DEFAULT '0' COMMENT '系统id',
  `create_user` varchar(32) NOT NULL DEFAULT '',
  `create_time` datetime NOT NULL DEFAULT '1970-01-01 00:00:00',
  `update_user` varchar(32) NOT NULL DEFAULT '',
  `update_time` timestamp NOT NULL DEFAULT CURRENT_TIMESTAMP ON UPDATE CURRENT_TIMESTAMP,
  PRIMARY KEY (`id`),
  UNIQUE KEY `subsys_name` (`sub_sys_id`,`name`)
) ENGINE=InnoDB DEFAULT CHARSET=utf8;

LOCK TABLES `t_res_group` WRITE;
/*!40000 ALTER TABLE `t_res_group` DISABLE KEYS */;

INSERT INTO `t_res_group` (`id`, `name`, `nick`, `status`, `sub_sys_id`, `create_user`, `create_time`, `update_user`, `update_time`)
VALUES
	(1,'user','用户管理',1,1,'admin','2015-04-03 17:26:46','','2015-04-03 17:26:46'),
	(2,'whole_system','整个系统登录',1,1,'admin','2015-04-03 17:27:05','','2015-04-03 17:27:05'),
	(3,'notice','通知管理',1,1,'admin','2015-04-03 17:27:39','','2015-04-03 17:27:38'),
	(4,'sys_settings','系统设置',1,1,'admin','2015-04-03 17:28:01','','2015-04-03 17:28:01'),
	(5,'feedback','用户反馈',1,2,'admin','2015-04-03 17:28:26','','2015-04-03 17:28:26'),
	(6,'whole_system','整个客服系统',1,2,'admin','2015-04-03 17:28:42','','2015-04-03 17:28:41'),
	(8,'whole_system','整个运营系统',1,4,'admin','2015-04-03 17:29:28','','2015-04-25 11:45:43'),
	(9,'ambitus','周边管理',1,4,'admin','2015-04-03 17:29:38','','2015-04-25 11:45:43'),
	(10,'app_conf','app配置',1,4,'admin','2015-04-03 17:30:03','','2015-04-25 11:45:43'),
	(11,'cabact','柜体活动',1,4,'admin','2015-04-03 17:30:22','','2015-04-25 11:45:43'),
	(12,'conf','配置管理',1,4,'admin','2015-04-03 17:30:42','','2015-04-25 11:45:43'),
	(13,'dgshop','商家导购管理',1,4,'admin','2015-04-03 17:31:11','','2015-04-25 11:45:43'),
	(14,'logis','物流中心',1,4,'admin','2015-04-03 17:31:31','','2015-04-25 11:45:43'),
	(15,'whole_system','整个统计系统',1,3,'admin','2015-04-03 17:31:54','','2015-04-25 11:45:52'),
	(16,'other_conf','其它配置',1,4,'admin','2015-04-21 13:12:40','','2015-04-25 11:45:43'),
	(17,'express_mgmt','快递维护',1,2,'admin','2015-04-21 14:27:12','','2015-04-21 14:42:37'),
	(18,'cus_mgmt','客服管理',1,2,'admin','2015-04-21 14:27:36','','2015-04-21 14:27:35'),
	(19,'charge','充值扣费',1,2,'admin','2015-04-21 14:27:57','','2015-04-21 14:27:57'),
	(20,'ambitus','周边购物',1,2,'admin','2015-04-21 14:28:22','','2015-04-22 12:03:41');

/*!40000 ALTER TABLE `t_res_group` ENABLE KEYS */;
UNLOCK TABLES;


# Dump of table t_res_raction
# ------------------------------------------------------------

DROP TABLE IF EXISTS `t_res_raction`;

CREATE TABLE `t_res_raction` (
  `id` bigint(20) NOT NULL AUTO_INCREMENT,
  `res_id` int(11) NOT NULL DEFAULT '0' COMMENT '资源ID',
  `ract_code` varchar(100) NOT NULL DEFAULT '' COMMENT '资源操作编码',
  `update_time` timestamp NOT NULL DEFAULT CURRENT_TIMESTAMP ON UPDATE CURRENT_TIMESTAMP,
  PRIMARY KEY (`id`),
  UNIQUE KEY `res_id_code` (`res_id`,`ract_code`)
) ENGINE=InnoDB DEFAULT CHARSET=utf8;

LOCK TABLES `t_res_raction` WRITE;
/*!40000 ALTER TABLE `t_res_raction` DISABLE KEYS */;

INSERT INTO `t_res_raction` (`id`, `res_id`, `ract_code`, `update_time`)
VALUES
	(1,50,'update','2015-04-14 01:54:08'),
	(2,50,'add','2015-04-14 01:54:08'),
	(3,50,'delete','2015-04-14 01:54:08'),
	(7,54,'update','2015-04-14 02:16:04'),
	(8,54,'add','2015-04-14 02:16:04'),
	(9,54,'delete','2015-04-14 02:16:04'),
	(10,55,'update','2015-04-14 02:17:13'),
	(11,55,'add','2015-04-14 02:17:13'),
	(12,55,'delete','2015-04-14 02:17:13'),
	(13,56,'update','2015-04-14 02:17:54'),
	(14,56,'add','2015-04-14 02:17:54'),
	(15,56,'delete','2015-04-14 02:17:54'),
	(16,53,'update','2015-04-14 02:20:54'),
	(17,53,'add','2015-04-14 02:20:54'),
	(18,53,'delete','2015-04-14 02:20:54'),
	(22,3,'update','2015-04-14 02:21:57'),
	(23,3,'add','2015-04-14 02:21:57'),
	(24,3,'delete','2015-04-14 02:21:57'),
	(25,4,'update','2015-04-14 02:22:07'),
	(26,4,'add','2015-04-14 02:22:07'),
	(27,4,'delete','2015-04-14 02:22:07'),
	(28,1,'all','2015-04-14 02:22:36'),
	(29,2,'all','2015-04-14 02:23:32'),
	(30,3,'list','2015-04-14 02:23:44'),
	(31,3,'detail','2015-04-14 02:23:44'),
	(32,4,'list','2015-04-14 02:23:53'),
	(33,4,'detail','2015-04-14 02:23:53'),
	(34,5,'list','2015-04-14 02:24:03'),
	(35,5,'update','2015-04-14 02:24:03'),
	(36,5,'add','2015-04-14 02:24:03'),
	(37,5,'delete','2015-04-14 02:24:03'),
	(38,5,'detail','2015-04-14 02:24:03'),
	(39,50,'list','2015-04-14 02:24:13'),
	(40,50,'detail','2015-04-14 02:24:13'),
	(41,51,'list','2015-04-14 02:24:27'),
	(42,51,'update','2015-04-14 02:24:27'),
	(43,51,'add','2015-04-14 02:24:27'),
	(44,51,'delete','2015-04-14 02:24:27'),
	(45,51,'detail','2015-04-14 02:24:27'),
	(46,52,'list','2015-04-14 02:24:44'),
	(47,52,'update','2015-04-14 02:24:44'),
	(48,52,'add','2015-04-14 02:24:44'),
	(49,52,'delete','2015-04-14 02:24:44'),
	(50,52,'detail','2015-04-14 02:24:44'),
	(51,53,'list','2015-04-14 02:24:53'),
	(52,53,'detail','2015-04-14 02:24:53'),
	(53,54,'list','2015-04-14 02:25:01'),
	(54,54,'detail','2015-04-14 02:25:01'),
	(55,55,'list','2015-04-14 02:25:09'),
	(56,55,'detail','2015-04-14 02:25:09'),
	(57,56,'list','2015-04-14 02:25:20'),
	(58,56,'detail','2015-04-14 02:25:20'),
	(59,6,'print','2015-04-16 14:46:29'),
	(60,6,'admin_pickup_confirm','2015-04-16 14:46:29'),
	(61,6,'export','2015-04-16 14:46:29'),
	(62,6,'phone_edit','2015-04-16 14:46:29'),
	(64,6,'detail','2015-04-16 14:46:29'),
	(65,6,'repeat_sms','2015-04-16 14:47:43'),
	(66,13,'update','2015-04-16 14:48:27'),
	(67,13,'add','2015-04-16 14:48:27'),
	(68,30,'all','2015-04-20 17:37:39'),
	(69,6,'pickup_comfirm','2015-04-21 11:15:12'),
	(70,7,'print','2015-04-21 11:16:14'),
	(71,7,'export','2015-04-21 11:16:14'),
	(72,7,'detail','2015-04-21 11:16:14'),
	(73,8,'multi_withdraw','2015-04-21 11:18:01'),
	(74,8,'print','2015-04-21 11:18:01'),
	(75,8,'export','2015-04-21 11:18:01'),
	(76,8,'multi_add','2015-04-21 11:18:01'),
	(77,6,'tocab','2015-04-21 11:20:05'),
	(78,6,'confirm','2015-04-21 11:20:05'),
	(79,6,'list','2015-04-21 11:20:05'),
	(80,6,'cancel','2015-04-21 11:20:05'),
	(81,8,'list','2015-04-21 11:21:07'),
	(82,8,'add','2015-04-21 11:21:07'),
	(83,24,'list','2015-04-21 11:21:22'),
	(84,24,'detail','2015-04-21 11:21:22'),
	(85,9,'print','2015-04-21 11:22:07'),
	(86,9,'export','2015-04-21 11:22:07'),
	(87,9,'list','2015-04-21 11:22:07'),
	(88,9,'withdraw_multi_sms','2015-04-21 11:22:07'),
	(89,9,'multi_withdraw_cancel','2015-04-21 11:22:07'),
	(90,9,'withdraw_cancel','2015-04-21 11:22:07'),
	(91,10,'settle_save','2015-04-21 11:27:50'),
	(92,10,'print','2015-04-21 11:27:50'),
	(93,10,'export','2015-04-21 11:27:50'),
	(94,10,'list','2015-04-21 11:27:50'),
	(95,11,'list','2015-04-21 11:28:04'),
	(96,11,'close','2015-04-21 11:52:22'),
	(97,11,'add','2015-04-21 11:52:22'),
	(98,11,'open','2015-04-21 11:52:22'),
	(99,11,'delete','2015-04-21 11:52:22'),
	(100,11,'detail','2015-04-21 11:52:22'),
	(101,12,'print','2015-04-21 11:53:52'),
	(102,12,'list','2015-04-21 11:53:52'),
	(103,12,'update','2015-04-21 11:53:52'),
	(104,12,'add','2015-04-21 11:53:52'),
	(105,57,'close','2015-04-21 11:55:59'),
	(106,57,'print','2015-04-21 11:55:59'),
	(107,57,'list','2015-04-21 11:55:59'),
	(108,57,'order_makeup','2015-04-21 11:55:59'),
	(109,13,'list','2015-04-21 11:57:24'),
	(110,14,'list','2015-04-21 11:58:00'),
	(111,14,'update','2015-04-21 11:58:00'),
	(112,14,'add','2015-04-21 11:58:00'),
	(113,15,'list','2015-04-21 11:59:24'),
	(114,15,'update','2015-04-21 11:59:24'),
	(115,15,'add','2015-04-21 11:59:24'),
	(116,15,'set_share_depart','2015-04-21 11:59:24'),
	(117,23,'list','2015-04-21 12:00:55'),
	(118,23,'add','2015-04-21 12:00:55'),
	(119,23,'set_share_depart','2015-04-21 12:00:55'),
	(120,23,'deploy_express','2015-04-21 12:00:55'),
	(121,13,'multi_add','2015-04-21 12:04:24'),
	(122,13,'delete','2015-04-21 12:04:24'),
	(123,16,'list','2015-04-21 12:07:50'),
	(124,16,'update','2015-04-21 12:07:50'),
	(125,16,'add','2015-04-21 12:07:50'),
	(126,58,'order_history','2015-04-21 12:08:53'),
	(127,58,'list','2015-04-21 12:08:53'),
	(128,58,'update','2015-04-21 12:08:53'),
	(129,58,'add','2015-04-21 12:08:53'),
	(130,58,'delete','2015-04-21 12:08:53'),
	(131,17,'list','2015-04-21 12:13:12'),
	(132,17,'update','2015-04-21 12:13:12'),
	(133,17,'add','2015-04-21 12:13:12'),
	(134,17,'test','2015-04-21 12:13:12'),
	(135,17,'delete','2015-04-21 12:13:12'),
	(136,17,'detail','2015-04-21 12:13:12'),
	(137,59,'cell_glitch','2015-04-21 12:15:23'),
	(138,59,'cell_add','2015-04-21 12:15:23'),
	(139,59,'list','2015-04-21 12:15:23'),
	(140,59,'deliver_list','2015-04-21 12:15:23'),
	(141,59,'open_by_admin','2015-04-21 12:15:23'),
	(142,59,'cell_idle','2015-04-21 12:15:23'),
	(143,25,'list','2015-04-21 12:15:51'),
	(144,25,'update','2015-04-21 12:15:51'),
	(145,25,'add','2015-04-21 12:15:51'),
	(146,18,'list','2015-04-21 12:16:21'),
	(147,18,'update','2015-04-21 12:16:21'),
	(148,18,'add','2015-04-21 12:16:21'),
	(149,49,'close','2015-04-21 12:17:35'),
	(150,49,'set_passwd','2015-04-21 12:17:35'),
	(151,49,'list','2015-04-21 12:17:35'),
	(152,49,'update','2015-04-21 12:17:35'),
	(153,49,'add','2015-04-21 12:17:35'),
	(154,49,'open','2015-04-21 12:17:35'),
	(155,49,'delete','2015-04-21 12:17:35'),
	(156,26,'list','2015-04-21 12:18:49'),
	(157,26,'update','2015-04-21 12:18:49'),
	(158,26,'add','2015-04-21 12:18:49'),
	(159,27,'list','2015-04-21 12:20:41'),
	(160,27,'update','2015-04-21 12:20:41'),
	(161,27,'add','2015-04-21 12:20:41'),
	(162,27,'disabled','2015-04-21 12:20:41'),
	(163,28,'update','2015-04-21 12:21:10'),
	(164,28,'list','2015-04-21 12:21:10'),
	(165,28,'delete','2015-04-21 12:21:10'),
	(166,29,'update','2015-04-21 12:22:19'),
	(167,29,'list','2015-04-21 12:22:19'),
	(168,29,'delete','2015-04-21 12:22:19'),
	(169,33,'list','2015-04-21 12:23:17'),
	(170,33,'update','2015-04-21 12:23:17'),
	(171,33,'refresh','2015-04-21 12:23:17'),
	(172,33,'add','2015-04-21 12:23:17'),
	(173,33,'delete','2015-04-21 12:23:17'),
	(174,34,'list','2015-04-21 12:23:44'),
	(175,34,'update','2015-04-21 12:23:44'),
	(176,34,'refresh','2015-04-21 12:23:44'),
	(177,34,'add','2015-04-21 12:23:44'),
	(178,34,'disabled','2015-04-21 12:23:44'),
	(179,35,'list','2015-04-21 12:24:48'),
	(180,35,'update','2015-04-21 12:24:48'),
	(181,35,'refresh','2015-04-21 12:24:49'),
	(182,35,'add','2015-04-21 12:24:49'),
	(183,35,'disabled','2015-04-21 12:24:49'),
	(184,36,'list','2015-04-21 12:27:15'),
	(185,36,'update','2015-04-21 12:27:15'),
	(186,36,'add','2015-04-21 12:27:15'),
	(187,36,'disabled','2015-04-21 12:27:15'),
	(188,40,'list','2015-04-21 12:31:56'),
	(189,40,'update','2015-04-21 12:31:56'),
	(190,40,'refresh','2015-04-21 12:31:56'),
	(191,40,'add','2015-04-21 12:31:56'),
	(192,40,'disabled','2015-04-21 12:31:56'),
	(193,31,'list','2015-04-21 12:32:34'),
	(194,31,'update','2015-04-21 12:32:34'),
	(195,31,'add','2015-04-21 12:32:34'),
	(196,31,'delete','2015-04-21 12:32:34'),
	(197,32,'unbind_user','2015-04-21 12:33:14'),
	(198,32,'list','2015-04-21 12:33:14'),
	(199,32,'update','2015-04-21 12:33:14'),
	(200,32,'refresh','2015-04-21 12:33:14'),
	(201,32,'add','2015-04-21 12:33:14'),
	(202,32,'bind_user','2015-04-21 12:33:14'),
	(203,32,'delete','2015-04-21 12:33:14'),
	(204,37,'list','2015-04-21 13:04:07'),
	(205,37,'update','2015-04-21 13:04:07'),
	(206,37,'add','2015-04-21 13:04:07'),
	(207,37,'delete','2015-04-21 13:04:07'),
	(208,39,'import','2015-04-21 13:04:42'),
	(209,39,'list','2015-04-21 13:04:42'),
	(210,39,'multi_online','2015-04-21 13:04:42'),
	(211,39,'update','2015-04-21 13:04:42'),
	(212,39,'add','2015-04-21 13:04:42'),
	(213,39,'multi_under','2015-04-21 13:04:42'),
	(214,39,'detail','2015-04-21 13:04:42'),
	(215,41,'update','2015-04-21 13:05:38'),
	(216,41,'disqualify','2015-04-21 13:05:38'),
	(217,41,'list','2015-04-21 13:05:38'),
	(218,41,'qualify','2015-04-21 13:05:38'),
	(219,42,'list','2015-04-21 13:08:35'),
	(220,42,'update','2015-04-21 13:08:35'),
	(221,42,'add','2015-04-21 13:08:35'),
	(222,42,'delete','2015-04-21 13:08:35'),
	(223,43,'list','2015-04-21 13:09:07'),
	(224,43,'ignore','2015-04-21 13:09:07'),
	(225,43,'detail','2015-04-21 13:09:07'),
	(226,44,'update','2015-04-21 13:09:32'),
	(227,44,'list','2015-04-21 13:09:32'),
	(228,44,'ignore','2015-04-21 13:09:32'),
	(229,44,'detail','2015-04-21 13:09:32'),
	(230,45,'list','2015-04-21 13:10:12'),
	(231,45,'update','2015-04-21 13:10:12'),
	(232,45,'add','2015-04-21 13:10:12'),
	(233,45,'delete','2015-04-21 13:10:12'),
	(234,46,'list','2015-04-21 13:10:32'),
	(235,46,'update','2015-04-21 13:10:32'),
	(236,46,'add','2015-04-21 13:10:32'),
	(237,46,'disabled','2015-04-21 13:10:32'),
	(238,47,'push','2015-04-21 13:11:10'),
	(239,47,'list','2015-04-21 13:11:10'),
	(240,47,'update','2015-04-21 13:11:10'),
	(241,47,'add','2015-04-21 13:11:10'),
	(242,47,'delete','2015-04-21 13:11:10'),
	(243,60,'list','2015-04-21 13:22:56'),
	(244,61,'update','2015-04-21 13:23:43'),
	(245,61,'add','2015-04-21 13:23:43'),
	(246,62,'update','2015-04-21 13:24:16'),
	(247,62,'list','2015-04-21 13:24:16'),
	(248,61,'add_metatype','2015-04-21 13:24:46'),
	(249,63,'list','2015-04-21 14:29:28'),
	(250,64,'list','2015-04-21 14:30:59'),
	(251,64,'repeat_sms','2015-04-21 14:30:59'),
	(252,64,'detail','2015-04-21 14:30:59'),
	(253,65,'list','2015-04-21 14:31:36'),
	(254,65,'update','2015-04-21 14:31:36'),
	(255,65,'add','2015-04-21 14:31:36'),
	(256,65,'delete','2015-04-21 14:31:36'),
	(257,66,'update','2015-04-21 14:34:20'),
	(258,66,'list','2015-04-21 14:34:20'),
	(259,67,'list','2015-04-21 14:34:57'),
	(260,67,'update','2015-04-21 14:34:57'),
	(261,67,'add','2015-04-21 14:34:57'),
	(262,67,'delete','2015-04-21 14:34:57'),
	(263,48,'list','2015-04-21 14:37:21'),
	(264,48,'reply_add','2015-04-21 14:37:21'),
	(265,48,'detail','2015-04-21 14:37:21'),
	(266,68,'revoke_dialog','2015-04-21 14:38:34'),
	(267,68,'list','2015-04-21 14:38:34'),
	(268,68,'detail','2015-04-21 14:38:34'),
	(269,69,'revoke_dialog','2015-04-21 14:39:38'),
	(270,69,'list','2015-04-21 14:39:38'),
	(271,69,'detail','2015-04-21 14:39:38'),
	(272,70,'list','2015-04-21 14:41:52'),
	(274,71,'list','2015-04-21 14:50:18'),
	(275,71,'add','2015-04-21 14:50:18'),
	(276,72,'list','2015-04-21 14:50:49'),
	(277,73,'list','2015-04-21 14:54:07'),
	(278,73,'rate','2015-04-21 14:54:07'),
	(279,73,'detail','2015-04-21 14:54:07'),
	(280,64,'update','2015-04-21 15:17:21'),
	(282,63,'upgrade','2015-04-21 15:17:56'),
	(283,63,'view_cell_list','2015-04-21 15:17:56'),
	(284,63,'open_cell','2015-04-21 15:17:56'),
	(285,63,'reboot','2015-04-21 15:17:56'),
	(286,8,'detail','2015-04-22 17:17:07'),
	(287,8,'update','2015-04-22 17:19:21'),
	(289,11,'print','2015-04-22 18:19:54'),
	(290,74,'list','2015-04-22 18:56:56'),
	(292,74,'add','2015-04-22 18:56:56'),
	(293,74,'multi_add','2015-04-22 18:56:56'),
	(294,74,'delete','2015-04-22 18:56:56'),
	(295,28,'add','2015-04-23 10:09:35'),
	(296,38,'list','2015-04-23 11:38:57'),
	(297,38,'update','2015-04-23 11:38:57'),
	(298,38,'refresh','2015-04-23 11:38:57'),
	(299,38,'add','2015-04-23 11:38:57'),
	(300,38,'disabled','2015-04-23 11:38:57'),
	(301,41,'detail','2015-04-23 11:56:07'),
	(302,43,'update','2015-04-23 12:07:36'),
	(303,43,'add','2015-04-23 12:09:18'),
	(304,44,'add','2015-04-23 12:09:29'),
	(305,64,'take_back','2015-04-25 13:14:27'),
	(306,17,'cab_remote_operation','2015-04-25 15:03:37');

/*!40000 ALTER TABLE `t_res_raction` ENABLE KEYS */;
UNLOCK TABLES;


# Dump of table t_resource
# ------------------------------------------------------------

DROP TABLE IF EXISTS `t_resource`;

CREATE TABLE `t_resource` (
  `id` bigint(20) NOT NULL AUTO_INCREMENT,
  `name` varchar(32) NOT NULL DEFAULT '' COMMENT '资源名',
  `nick` varchar(64) NOT NULL DEFAULT '' COMMENT '显示名',
  `group` varchar(32) NOT NULL DEFAULT '' COMMENT '分组',
  `system_id` int(11) NOT NULL DEFAULT '0' COMMENT '子系统ID',
  `attr` varchar(255) NOT NULL DEFAULT '' COMMENT '属性名,冒号分割',
  `update_time` timestamp NOT NULL DEFAULT CURRENT_TIMESTAMP ON UPDATE CURRENT_TIMESTAMP,
  PRIMARY KEY (`id`),
  UNIQUE KEY `system_id_group_name` (`system_id`,`group`,`name`)
) ENGINE=InnoDB DEFAULT CHARSET=utf8;

LOCK TABLES `t_resource` WRITE;
/*!40000 ALTER TABLE `t_resource` DISABLE KEYS */;

INSERT INTO `t_resource` (`id`, `name`, `nick`, `group`, `system_id`, `attr`, `update_time`)
VALUES
	(1,'org','组织','user',1,'','2015-04-14 01:58:07'),
	(2,'user','用户','user',1,'','2014-12-11 11:33:29'),
	(3,'role','角色','user',1,'','2014-12-11 11:33:46'),
	(4,'perm','权限','user',1,'','2014-12-11 11:33:59'),
	(5,'resource','资源','user',1,'','2014-12-11 11:34:13'),
	(6,'order_delivery','订单入库','logis',4,'','2015-04-02 15:36:48'),
	(7,'pickup_order','取件查询','logis',4,'','2015-04-02 15:36:48'),
	(8,'taking_order','盘点订单','logis',4,'','2015-04-02 15:36:48'),
	(9,'withdraw_order','退回管理','logis',4,'','2015-04-02 15:36:48'),
	(10,'settled_order','结算管理','logis',4,'','2015-04-02 15:36:48'),
	(11,'batch_manager','批次管理','logis',4,'','2015-04-02 15:36:48'),
	(12,'sending','揽件管理','logis',4,'','2015-04-02 15:36:48'),
	(13,'conf_express','快递公司','conf',4,'','2015-04-02 15:36:48'),
	(14,'conf_property','物业公司','conf',4,'','2015-04-02 15:36:48'),
	(15,'conf_garden','校园小区','conf',4,'','2015-04-02 15:36:48'),
	(16,'conf_shelf','货架管理','conf',4,'','2015-04-02 15:36:48'),
	(17,'conf_cabinet','柜体管理','conf',4,'','2015-04-02 15:36:48'),
	(18,'conf_icard','投递卡管理','conf',4,'','2015-04-02 15:36:48'),
	(19,'whole_system','整个登录系统','whole_system',1,'','2014-12-11 12:02:08'),
	(20,'whole_system','整个客服系统','whole_system',2,'','2014-12-11 12:02:38'),
	(21,'whole_system','整个统计系统','whole_system',3,'','2015-04-02 15:36:58'),
	(22,'whole_system','整个运营系统','whole_system',4,'','2015-04-02 15:36:48'),
	(23,'conf_logis','物流中心','conf',4,'','2015-04-16 16:50:07'),
	(24,'problem_order','问题订单查询','logis',4,'','2015-04-02 15:36:48'),
	(25,'conf_tariff','柜体收费套餐','conf',4,'','2015-04-16 16:47:55'),
	(26,'cab_conf','柜体维度配置','cabact',4,'','2015-04-02 15:36:48'),
	(27,'cab_ad','柜体广告配置','cabact',4,'','2015-04-02 15:36:48'),
	(28,'cab_act','柜体活动配置','cabact',4,'','2015-04-02 15:36:48'),
	(29,'cab_rechconf','充值奖励配置','cabact',4,'','2015-04-02 15:36:48'),
	(30,'cab_remote_operation','柜体远程操作','conf',4,'','2015-04-02 15:36:48'),
	(31,'am-seller-type','商家类型','ambitus',4,'','2015-04-25 11:48:16'),
	(32,'am-seller','商家维护','ambitus',4,'','2015-04-25 11:48:08'),
	(33,'dg_item','类目','dgshop',4,'','2015-04-02 15:36:48'),
	(34,'dg_banner','Banner图','dgshop',4,'','2015-04-02 15:36:48'),
	(35,'dg_recommend','导购推荐','dgshop',4,'','2015-04-02 15:36:48'),
	(36,'dg_shop_category','商家类别','dgshop',4,'','2015-04-21 12:27:15'),
	(37,'am-goods-cate','商品分类','ambitus',4,'','2015-04-25 11:48:02'),
	(38,'dg_shopinfo','商家信息','dgshop',4,'','2015-04-02 15:36:48'),
	(39,'am-goods','商品维护','ambitus',4,'','2015-04-25 11:47:54'),
	(40,'dg_hotword','搜索词','dgshop',4,'','2015-04-02 15:36:48'),
	(41,'am-carrier-check','捎带客审批','ambitus',4,'','2015-04-25 11:47:46'),
	(42,'am-yellow-list','号码通维护','ambitus',4,'','2015-04-25 11:47:39'),
	(43,'am-yellow-check','号码通审核','ambitus',4,'','2015-04-25 11:47:29'),
	(44,'am-yellow-err','号码通报错','ambitus',4,'','2015-04-25 11:47:21'),
	(45,'app_scope','维度配置','app_conf',4,'','2015-04-02 15:36:48'),
	(46,'app_banner','Banner图','app_conf',4,'','2015-04-02 15:36:48'),
	(47,'app_notice','Notice','app_conf',4,'','2015-04-02 15:36:48'),
	(48,'feedback','用户反馈','feedback',2,'','2015-04-01 15:04:02'),
	(49,'conf_staff','投递员管理','conf',4,'','2015-04-16 16:49:55'),
	(50,'position','岗位','notice',1,'','2015-04-14 01:54:08'),
	(51,'raction','资源操作','user',1,'','2015-04-14 02:01:32'),
	(52,'resgroup','资源分组','user',1,'','2015-04-14 02:03:03'),
	(53,'menu_mgmt','菜单管理','sys_settings',1,'','2015-04-14 02:20:54'),
	(54,'sys_mgmt','系统设置（资源）','sys_settings',1,'','2015-04-14 02:16:04'),
	(55,'notice_mgmt','通知管理','notice',1,'','2015-04-14 02:17:13'),
	(56,'cat_mgmt','分类管理','notice',1,'','2015-04-14 02:17:54'),
	(57,'sending_reserve','揽件寄件预约','logis',4,'','2015-04-25 15:26:47'),
	(58,'shelf_cell','货架分区','conf',4,'','2015-04-25 18:12:27'),
	(59,'cell_list','柜体格口','conf',4,'','2015-04-25 16:21:18'),
	(60,'upload_picture','上传图片','other_conf',4,'','2015-04-21 13:22:56'),
	(61,'metadata_list','全局配置','other_conf',4,'','2015-04-21 13:23:43'),
	(62,'ordermessage','捎带订单信息','other_conf',4,'','2015-04-21 13:24:16'),
	(63,'cabi','柜体查询','express_mgmt',2,'','2015-04-21 14:44:58'),
	(64,'order','订单查询','express_mgmt',2,'','2015-04-21 14:44:38'),
	(65,'group','客服分组','cus_mgmt',2,'','2015-04-21 14:31:36'),
	(66,'record','记录查询','cus_mgmt',2,'','2015-04-21 14:34:20'),
	(67,'wiki','知识库','cus_mgmt',2,'','2015-04-21 14:34:57'),
	(68,'purchase','代购订单','ambitus',2,'','2015-04-22 14:17:26'),
	(69,'delay','延迟订单','ambitus',2,'','2015-04-22 14:16:41'),
	(70,'log','订单日志','ambitus',2,'','2015-04-22 14:16:20'),
	(71,'recharge','充值记录','charge',2,'','2015-04-21 14:50:18'),
	(72,'order','消费记录','charge',2,'','2015-04-21 14:50:49'),
	(73,'phone','通话记录','cus_mgmt',2,'','2015-04-21 14:54:07'),
	(74,'delpoy_express','配置合作快递公司','conf',4,'','2015-04-25 15:27:16');

/*!40000 ALTER TABLE `t_resource` ENABLE KEYS */;
UNLOCK TABLES;


# Dump of table t_role
# ------------------------------------------------------------

DROP TABLE IF EXISTS `t_role`;

CREATE TABLE `t_role` (
  `id` bigint(20) NOT NULL AUTO_INCREMENT,
  `name` varchar(32) NOT NULL DEFAULT '' COMMENT '角色名称',
  `update_time` timestamp NOT NULL DEFAULT CURRENT_TIMESTAMP ON UPDATE CURRENT_TIMESTAMP,
  PRIMARY KEY (`id`),
  UNIQUE KEY `name` (`name`)
) ENGINE=InnoDB DEFAULT CHARSET=utf8;

LOCK TABLES `t_role` WRITE;
/*!40000 ALTER TABLE `t_role` DISABLE KEYS */;

INSERT INTO `t_role` (`id`, `name`, `update_time`)
VALUES
	(1,'(运营)客服经理','2015-04-25 17:45:53'),
	(2,'(客服系统)客服专员','2015-04-25 17:47:31'),
	(3,'业务策划部人员','2015-04-25 11:34:19'),
	(4,'物流中心店长','2015-04-25 16:09:10'),
	(5,'物流中心高级店员','2015-04-25 16:14:04'),
	(6,'物流中心中级店员','2015-04-25 16:18:04'),
	(7,'物流中心店员','2015-04-25 16:26:58'),
	(8,'资深现场运维工程师','2015-04-25 16:35:17'),
	(9,'物业策划部（王晓海、李岩）','2015-04-25 16:27:22'),
	(10,'业务策划部（郜越）','2015-04-25 16:32:23'),
	(11,'业务策划部(张艳\\郭艳芳)','2015-04-25 16:42:28'),
	(12,'高级现场运帷工程师','2015-04-25 17:27:58'),
	(13,'现场运帷工程师','2015-04-25 17:43:08'),
	(14,'(运营)客服专员','2015-04-25 17:57:36'),
	(15,'(客服系统)客服经理','2015-04-25 17:47:45');

/*!40000 ALTER TABLE `t_role` ENABLE KEYS */;
UNLOCK TABLES;


# Dump of table t_role_perm
# ------------------------------------------------------------

DROP TABLE IF EXISTS `t_role_perm`;

CREATE TABLE `t_role_perm` (
  `id` bigint(20) NOT NULL AUTO_INCREMENT,
  `role_id` int(11) NOT NULL DEFAULT '0' COMMENT '角色ID',
  `perm_id` int(11) NOT NULL DEFAULT '0' COMMENT '权限ID',
  `update_time` timestamp NOT NULL DEFAULT CURRENT_TIMESTAMP ON UPDATE CURRENT_TIMESTAMP,
  PRIMARY KEY (`id`),
  UNIQUE KEY `roleid_permid` (`role_id`,`perm_id`)
) ENGINE=InnoDB DEFAULT CHARSET=utf8;

LOCK TABLES `t_role_perm` WRITE;
/*!40000 ALTER TABLE `t_role_perm` DISABLE KEYS */;

INSERT INTO `t_role_perm` (`id`, `role_id`, `perm_id`, `update_time`)
VALUES
	(9,4,29,'2015-04-25 16:09:10'),
	(10,4,22,'2015-04-25 16:09:10'),
	(11,4,23,'2015-04-25 16:09:10'),
	(12,4,38,'2015-04-25 16:09:10'),
	(13,4,21,'2015-04-25 16:09:10'),
	(14,4,31,'2015-04-25 16:09:10'),
	(15,4,27,'2015-04-25 16:09:10'),
	(16,4,24,'2015-04-25 16:09:10'),
	(17,4,32,'2015-04-25 16:09:10'),
	(18,4,48,'2015-04-25 16:09:10'),
	(19,4,49,'2015-04-25 16:09:10'),
	(20,4,45,'2015-04-25 16:09:10'),
	(21,4,35,'2015-04-25 16:09:10'),
	(22,4,43,'2015-04-25 16:09:10'),
	(23,4,41,'2015-04-25 16:09:10'),
	(24,4,25,'2015-04-25 16:09:10'),
	(25,4,19,'2015-04-25 16:09:10'),
	(26,4,18,'2015-04-25 16:09:10'),
	(27,5,111,'2015-04-25 16:14:04'),
	(28,5,110,'2015-04-25 16:14:04'),
	(29,5,22,'2015-04-25 16:14:04'),
	(30,5,23,'2015-04-25 16:14:04'),
	(31,5,38,'2015-04-25 16:14:04'),
	(32,5,21,'2015-04-25 16:14:04'),
	(33,5,24,'2015-04-25 16:14:04'),
	(34,5,32,'2015-04-25 16:14:04'),
	(35,5,35,'2015-04-25 16:14:04'),
	(36,5,19,'2015-04-25 16:14:04'),
	(37,5,68,'2015-04-25 16:14:04'),
	(38,5,67,'2015-04-25 16:14:04'),
	(39,5,25,'2015-04-25 16:14:04'),
	(40,5,43,'2015-04-25 16:14:04'),
	(41,5,18,'2015-04-25 16:14:04'),
	(42,6,22,'2015-04-25 16:18:04'),
	(43,6,21,'2015-04-25 16:18:04'),
	(44,6,101,'2015-04-25 16:18:04'),
	(45,6,82,'2015-04-25 16:18:04'),
	(46,6,77,'2015-04-25 16:18:04'),
	(47,6,97,'2015-04-25 16:18:04'),
	(48,6,78,'2015-04-25 16:18:04'),
	(49,6,83,'2015-04-25 16:18:04'),
	(50,6,80,'2015-04-25 16:18:04'),
	(51,6,19,'2015-04-25 16:18:04'),
	(52,6,18,'2015-04-25 16:18:04'),
	(53,6,113,'2015-04-25 16:19:16'),
	(54,6,111,'2015-04-25 16:19:16'),
	(55,6,110,'2015-04-25 16:19:16'),
	(56,6,68,'2015-04-25 16:19:16'),
	(57,6,67,'2015-04-25 16:19:16'),
	(58,6,118,'2015-04-25 16:21:01'),
	(59,7,113,'2015-04-25 16:26:58'),
	(60,7,111,'2015-04-25 16:26:58'),
	(61,7,110,'2015-04-25 16:26:58'),
	(62,7,118,'2015-04-25 16:26:58'),
	(63,7,97,'2015-04-25 16:26:58'),
	(64,7,96,'2015-04-25 16:26:58'),
	(65,7,34,'2015-04-25 16:26:58'),
	(66,7,37,'2015-04-25 16:26:58'),
	(67,7,59,'2015-04-25 16:26:58'),
	(68,7,70,'2015-04-25 16:26:58'),
	(69,7,73,'2015-04-25 16:26:58'),
	(70,7,77,'2015-04-25 16:26:58'),
	(71,7,78,'2015-04-25 16:26:58'),
	(72,7,101,'2015-04-25 16:26:58'),
	(73,7,109,'2015-04-25 16:26:58'),
	(74,7,80,'2015-04-25 16:26:58'),
	(75,7,81,'2015-04-25 16:26:58'),
	(76,7,82,'2015-04-25 16:26:58'),
	(77,7,83,'2015-04-25 16:26:58'),
	(78,7,21,'2015-04-25 16:26:58'),
	(79,7,68,'2015-04-25 16:26:58'),
	(80,7,69,'2015-04-25 16:26:58'),
	(81,7,67,'2015-04-25 16:26:58'),
	(82,7,64,'2015-04-25 16:26:58'),
	(83,7,65,'2015-04-25 16:26:58'),
	(84,9,39,'2015-04-25 16:27:22'),
	(85,9,93,'2015-04-25 16:27:22'),
	(86,9,36,'2015-04-25 16:27:22'),
	(87,9,33,'2015-04-25 16:27:22'),
	(88,9,58,'2015-04-25 16:27:22'),
	(89,9,60,'2015-04-25 16:27:22'),
	(90,9,57,'2015-04-25 16:27:22'),
	(91,9,56,'2015-04-25 16:27:22'),
	(92,9,55,'2015-04-25 16:27:22'),
	(93,9,61,'2015-04-25 16:27:22'),
	(94,10,93,'2015-04-25 16:32:23'),
	(95,10,53,'2015-04-25 16:32:23'),
	(96,10,68,'2015-04-25 16:32:23'),
	(97,10,67,'2015-04-25 16:32:23'),
	(98,10,40,'2015-04-25 16:32:23'),
	(99,10,52,'2015-04-25 16:32:23'),
	(100,10,42,'2015-04-25 16:32:23'),
	(101,10,50,'2015-04-25 16:32:23'),
	(102,10,44,'2015-04-25 16:32:23'),
	(103,10,86,'2015-04-25 16:32:23'),
	(104,10,47,'2015-04-25 16:32:23'),
	(105,8,111,'2015-04-25 16:35:17'),
	(106,8,29,'2015-04-25 16:35:17'),
	(107,8,112,'2015-04-25 16:35:17'),
	(108,8,22,'2015-04-25 16:35:17'),
	(109,8,23,'2015-04-25 16:35:17'),
	(110,8,114,'2015-04-25 16:35:17'),
	(111,8,31,'2015-04-25 16:35:17'),
	(112,8,27,'2015-04-25 16:35:17'),
	(113,8,24,'2015-04-25 16:35:17'),
	(114,8,32,'2015-04-25 16:35:17'),
	(115,8,43,'2015-04-25 16:35:17'),
	(116,8,21,'2015-04-25 16:35:17'),
	(117,8,101,'2015-04-25 16:35:17'),
	(118,8,38,'2015-04-25 16:35:17'),
	(119,8,25,'2015-04-25 16:35:17'),
	(120,8,19,'2015-04-25 16:35:17'),
	(121,8,18,'2015-04-25 16:35:17'),
	(122,11,49,'2015-04-25 16:42:28'),
	(123,11,58,'2015-04-25 16:42:28'),
	(124,11,56,'2015-04-25 16:42:28'),
	(125,11,55,'2015-04-25 16:42:28'),
	(126,9,49,'2015-04-25 16:45:26'),
	(127,9,67,'2015-04-25 16:45:26'),
	(128,2,7,'2015-04-25 16:52:12'),
	(129,2,9,'2015-04-25 16:52:12'),
	(130,2,17,'2015-04-25 16:52:12'),
	(131,2,16,'2015-04-25 16:52:12'),
	(132,2,15,'2015-04-25 16:52:12'),
	(133,2,14,'2015-04-25 16:52:12'),
	(134,2,13,'2015-04-25 16:52:12'),
	(135,2,12,'2015-04-25 16:52:12'),
	(136,2,11,'2015-04-25 16:52:12'),
	(137,2,10,'2015-04-25 16:52:12'),
	(138,2,66,'2015-04-25 16:52:12'),
	(139,2,6,'2015-04-25 16:52:12'),
	(140,12,29,'2015-04-25 17:27:58'),
	(141,12,35,'2015-04-25 17:27:58'),
	(142,12,31,'2015-04-25 17:27:58'),
	(143,12,27,'2015-04-25 17:27:58'),
	(144,12,32,'2015-04-25 17:27:58'),
	(145,12,38,'2015-04-25 17:27:58'),
	(146,12,45,'2015-04-25 17:27:58'),
	(147,12,18,'2015-04-25 17:27:58'),
	(148,1,92,'2015-04-25 17:30:43'),
	(149,1,99,'2015-04-25 17:30:43'),
	(150,1,98,'2015-04-25 17:30:43'),
	(151,1,95,'2015-04-25 17:30:43'),
	(152,1,94,'2015-04-25 17:30:43'),
	(153,1,91,'2015-04-25 17:30:43'),
	(154,1,90,'2015-04-25 17:30:43'),
	(155,1,39,'2015-04-25 17:30:43'),
	(156,1,38,'2015-04-25 17:30:43'),
	(157,1,35,'2015-04-25 17:30:43'),
	(158,1,36,'2015-04-25 17:30:43'),
	(159,1,31,'2015-04-25 17:30:43'),
	(160,1,33,'2015-04-25 17:30:43'),
	(161,1,32,'2015-04-25 17:30:43'),
	(162,1,54,'2015-04-25 17:30:43'),
	(163,1,51,'2015-04-25 17:30:43'),
	(164,1,18,'2015-04-25 17:30:43'),
	(165,1,100,'2015-04-25 17:30:43'),
	(166,1,102,'2015-04-25 17:30:43'),
	(167,1,103,'2015-04-25 17:30:43'),
	(168,1,88,'2015-04-25 17:30:43'),
	(169,1,89,'2015-04-25 17:30:43'),
	(170,1,84,'2015-04-25 17:30:43'),
	(171,1,85,'2015-04-25 17:30:43'),
	(172,1,86,'2015-04-25 17:30:43'),
	(173,1,87,'2015-04-25 17:30:43'),
	(174,1,82,'2015-04-25 17:30:43'),
	(175,1,29,'2015-04-25 17:30:43'),
	(176,1,22,'2015-04-25 17:30:43'),
	(177,1,21,'2015-04-25 17:30:43'),
	(178,1,48,'2015-04-25 17:30:43'),
	(179,1,49,'2015-04-25 17:30:43'),
	(180,1,40,'2015-04-25 17:30:43'),
	(181,1,41,'2015-04-25 17:30:43'),
	(182,1,42,'2015-04-25 17:30:43'),
	(183,1,43,'2015-04-25 17:30:43'),
	(184,1,44,'2015-04-25 17:30:43'),
	(185,1,45,'2015-04-25 17:30:43'),
	(186,1,46,'2015-04-25 17:30:43'),
	(187,12,122,'2015-04-25 17:37:22'),
	(188,12,120,'2015-04-25 17:37:22'),
	(189,12,121,'2015-04-25 17:37:22'),
	(190,8,122,'2015-04-25 17:37:38'),
	(191,8,120,'2015-04-25 17:37:38'),
	(192,8,121,'2015-04-25 17:37:38'),
	(193,13,29,'2015-04-25 17:43:08'),
	(194,13,122,'2015-04-25 17:43:08'),
	(195,13,112,'2015-04-25 17:43:08'),
	(196,13,34,'2015-04-25 17:43:08'),
	(197,13,37,'2015-04-25 17:43:08'),
	(198,13,31,'2015-04-25 17:43:08'),
	(199,13,120,'2015-04-25 17:43:08'),
	(200,13,32,'2015-04-25 17:43:08'),
	(201,13,59,'2015-04-25 17:43:08'),
	(202,13,65,'2015-04-25 17:43:08'),
	(203,13,45,'2015-04-25 17:43:08'),
	(204,13,121,'2015-04-25 17:43:08'),
	(205,13,101,'2015-04-25 17:43:08'),
	(206,14,82,'2015-04-25 17:43:37'),
	(207,14,29,'2015-04-25 17:43:37'),
	(208,14,21,'2015-04-25 17:43:37'),
	(209,14,31,'2015-04-25 17:43:37'),
	(210,14,32,'2015-04-25 17:43:37'),
	(211,14,73,'2015-04-25 17:43:37'),
	(212,14,74,'2015-04-25 17:43:37'),
	(213,14,96,'2015-04-25 17:43:37'),
	(214,14,19,'2015-04-25 17:43:37'),
	(215,14,18,'2015-04-25 17:43:37'),
	(216,15,2,'2015-04-25 17:46:31'),
	(217,14,110,'2015-04-25 17:57:36'),
	(218,14,112,'2015-04-25 17:57:36'),
	(219,14,92,'2015-04-25 17:57:36'),
	(220,14,98,'2015-04-25 17:57:36'),
	(221,14,97,'2015-04-25 17:57:36'),
	(222,14,95,'2015-04-25 17:57:36'),
	(223,14,94,'2015-04-25 17:57:36'),
	(224,14,90,'2015-04-25 17:57:36'),
	(225,14,76,'2015-04-25 17:57:36'),
	(226,14,79,'2015-04-25 17:57:36'),
	(227,14,104,'2015-04-25 17:57:36'),
	(228,14,105,'2015-04-25 17:57:36'),
	(229,14,107,'2015-04-25 17:57:36'),
	(230,14,101,'2015-04-25 17:57:36'),
	(231,14,102,'2015-04-25 17:57:36'),
	(232,14,103,'2015-04-25 17:57:36'),
	(233,14,122,'2015-04-25 17:57:36'),
	(234,14,109,'2015-04-25 17:57:36'),
	(235,14,88,'2015-04-25 17:57:36'),
	(236,14,89,'2015-04-25 17:57:36'),
	(237,14,84,'2015-04-25 17:57:36'),
	(238,14,85,'2015-04-25 17:57:36'),
	(239,14,86,'2015-04-25 17:57:36'),
	(240,14,87,'2015-04-25 17:57:36'),
	(241,14,68,'2015-04-25 17:57:36'),
	(242,14,40,'2015-04-25 17:57:36'),
	(243,14,67,'2015-04-25 17:57:36'),
	(244,14,42,'2015-04-25 17:57:36'),
	(245,14,43,'2015-04-25 17:57:36'),
	(246,14,44,'2015-04-25 17:57:36'),
	(247,14,45,'2015-04-25 17:57:36'),
	(248,14,46,'2015-04-25 17:57:36'),
	(249,14,117,'2015-04-25 18:17:55'),
	(250,14,116,'2015-04-25 18:17:55'),
	(251,14,118,'2015-04-25 18:17:55'),
	(252,14,124,'2015-04-25 18:17:55'),
	(253,14,125,'2015-04-25 18:18:39'),
	(254,6,43,'2015-04-25 18:47:54');

/*!40000 ALTER TABLE `t_role_perm` ENABLE KEYS */;
UNLOCK TABLES;


# Dump of table t_subsystem
# ------------------------------------------------------------

DROP TABLE IF EXISTS `t_subsystem`;

CREATE TABLE `t_subsystem` (
  `id` bigint(20) NOT NULL AUTO_INCREMENT,
  `name` varchar(32) NOT NULL DEFAULT '' COMMENT '名称',
  `domain` varchar(64) NOT NULL DEFAULT '' COMMENT '域名',
  `syskey` varchar(32) NOT NULL DEFAULT '' COMMENT 'key',
  `secret` varchar(32) NOT NULL DEFAULT '' COMMENT 'secret',
  `create_user` varchar(32) NOT NULL DEFAULT '',
  `create_time` datetime NOT NULL DEFAULT '1970-01-01 00:00:00',
  `update_user` varchar(32) NOT NULL DEFAULT '',
  `update_time` timestamp NOT NULL DEFAULT CURRENT_TIMESTAMP ON UPDATE CURRENT_TIMESTAMP,
  PRIMARY KEY (`id`),
  UNIQUE KEY `name` (`name`),
  UNIQUE KEY `syskey` (`syskey`)
) ENGINE=InnoDB DEFAULT CHARSET=utf8;

LOCK TABLES `t_subsystem` WRITE;
/*!40000 ALTER TABLE `t_subsystem` DISABLE KEYS */;

INSERT INTO `t_subsystem` (`id`, `name`, `domain`, `syskey`, `secret`, `create_user`, `create_time`, `update_user`, `update_time`)
VALUES
	(1,'登陆系统','','9995e0da1f8d04de63fda5cf42582fcd','95a267e5d4f163c2ec03f57ec409c85e','','2015-04-24 16:54:53','','2014-12-10 18:04:57'),
	(2,'客服系统','http://cus3.test.jinlinbao.com:8001','f7eace71081b30f96323154c5794c1ca','917fdc97d7412ba639c6369fb6a8557a','admin','2015-04-24 16:54:53','admin','2015-04-24 16:57:46'),
	(3,'统计系统','http://stat3.test.jinlinbao.com:8002','581c6abf8a00fc125f744eca5d1dc413','9ce93939a33a0b9350d78c185b01e832','admin','2015-04-24 16:54:53','admin','2015-04-24 16:58:08'),
	(4,'运营系统','http://oper3.test.jinlinbao.com:8003','72fa144c95a3f207a96c9d0e1571c4f5','a553fcc0a625f0033dcc35f22ee7cb8a','admin','2015-04-24 16:54:53','admin','2015-04-24 16:58:23');

/*!40000 ALTER TABLE `t_subsystem` ENABLE KEYS */;
UNLOCK TABLES;


# Dump of table t_user
# ------------------------------------------------------------

DROP TABLE IF EXISTS `t_user`;

CREATE TABLE `t_user` (
  `id` bigint(20) NOT NULL AUTO_INCREMENT,
  `name` varchar(32) NOT NULL DEFAULT '' COMMENT '登陆名',
  `passwd` varchar(64) NOT NULL DEFAULT '' COMMENT '密码',
  `real_name` varchar(64) NOT NULL DEFAULT '' COMMENT '真实名字',
  `is_root` tinyint(4) NOT NULL DEFAULT '0' COMMENT '是否root用户',
  `is_staff` tinyint(4) NOT NULL DEFAULT '1' COMMENT '是否内部员工',
  `staff_no` int(11) NOT NULL DEFAULT '0' COMMENT '员工号',
  `org_id` int(11) NOT NULL DEFAULT '0' COMMENT '组织ID',
  `position_id` int(11) NOT NULL DEFAULT '0' COMMENT '岗位ID',
  `jlb_uid` int(11) NOT NULL DEFAULT '0' COMMENT '近邻宝ID',
  `email` varchar(64) NOT NULL DEFAULT '',
  `phone` varchar(16) NOT NULL DEFAULT '',
  `status` int(11) NOT NULL DEFAULT '1' COMMENT '是否有效',
  `create_user` varchar(32) NOT NULL DEFAULT '',
  `create_time` datetime NOT NULL DEFAULT '1970-01-01 00:00:00',
  `update_user` varchar(32) NOT NULL DEFAULT '',
  `update_time` timestamp NOT NULL DEFAULT CURRENT_TIMESTAMP ON UPDATE CURRENT_TIMESTAMP,
  PRIMARY KEY (`id`),
  UNIQUE KEY `idx_name` (`name`),
  UNIQUE KEY `idx_email` (`email`),
  UNIQUE KEY `idx_phone` (`phone`)
) ENGINE=InnoDB DEFAULT CHARSET=utf8;

LOCK TABLES `t_user` WRITE;
/*!40000 ALTER TABLE `t_user` DISABLE KEYS */;

INSERT INTO `t_user` (`id`, `name`, `passwd`, `real_name`, `is_root`, `is_staff`, `staff_no`, `org_id`, `position_id`, `jlb_uid`, `email`, `phone`, `status`, `create_user`, `create_time`, `update_user`, `update_time`)
VALUES
	(1,'admin','346fbb&3fba8542aacc8587a053f5a724a75a8e99037731','admin',1,1,0,0,0,124073,'10012345678@jinlinbao.com','10012345678',1,'','2015-04-24 16:54:51','admin','2015-04-24 16:57:04'),
	(3,'gaozhiliang','b24409&4c3640c455bd872a0b033da439d004afa43fc7a3','高志亮',0,1,110,16,50,31710,'gaozhiliang@jinlinbao.com','15910288389',1,'admin','2015-04-24 16:54:53','admin','2015-04-25 11:23:35'),
	(4,'liyongyu','9e5e39&0a9b8170dfd2d2e6a55c31f814ea5d9e823c95e0','李永裕',1,1,111,24,9,51307,'liyongyu@jinlinbao.com','13520659213',1,'admin','2015-04-24 16:54:53','admin','2015-04-25 10:56:09'),
	(5,'luochenghu','0fffa0&d3cf736f71d63a74698438cf1a47e381f8847d29','罗成虎',1,1,112,22,7,107465,'luochenghu@jinlinbao.com','18513087956',1,'admin','2015-04-24 16:54:53','admin','2015-04-25 10:55:02'),
	(6,'wenqiurong','abc9bb&4ddab4847e3b0face8a89dd0b963cf1f1b9157f8','温秋荣',0,1,113,17,1,38167,'wenqiurong@jinlinbao.com','15811234898',1,'admin','2015-04-24 16:54:53','admin','2015-04-25 10:51:55'),
	(7,'zhouhongyan','bc4bad&cb041cd5262be3ce9a10293ccf182471e2343a19','周红燕',0,1,114,0,0,30725,'zhouhongyan@jinlinbao.com','18811590807',0,'admin','2015-04-24 16:54:53','admin','2015-02-06 18:05:03'),
	(8,'lixueyan','73e3b6&f8b52b5d8f032af7bd95bd5f7870250955c20f36','李雪燕',0,1,115,22,7,72925,'lixueyan@jinlinbao.com','18210323224',0,'admin','2015-04-24 16:54:53','admin','2015-04-25 11:46:59'),
	(9,'zhouwenping','de8961&75294393c7c1a37170b6ad80914503d73b8d5aa8','周文平',0,1,116,22,7,48435,'zhouwenping@jinlinbao.com','13701198657',0,'admin','2015-04-24 16:54:53','admin','2015-04-25 11:47:35'),
	(10,'fengjing','5227d7&b9d2c8240f302af8f62e3bcfa0e548c3ebcee9a4','冯敬',1,1,117,24,14,75203,'fengjing@jinlinbao.com','18511193114',1,'admin','2015-04-24 16:54:53','admin','2015-04-25 11:09:03'),
	(11,'liangnaichen','8b200e&e3aec9e6b02c1349c87cc41613340ffa3be61ea7','梁乃臣',1,1,119,16,51,89704,'liangnaichen@jinlinbao.com','13683183250',1,'admin','2015-04-24 16:54:53','admin','2015-04-25 11:50:09'),
	(12,'sunyanfeng','ce930c&0423c9cbd707eb222811b40bdd2ada737960a85e','孙彦峰',0,1,120,16,27,40,'sunyanfeng@jinlinbao.com','15010761863',1,'admin','2015-04-24 16:54:53','admin','2015-04-25 11:11:19'),
	(13,'yandong','a0abf0&0295874663cf13e5815945a041d0e5fe7e98c2f0','闫东',0,1,1000001,26,12,73894,'yandong@jinlinbao.com','13463505859',1,'admin','2015-04-24 16:54:53','admin','2015-04-25 10:56:41'),
	(14,'lihao','c0cf0c&51e6e594f297498123c748aa9bcff5aa4a9a9db2','黎昊',0,1,100002,4,33,2715,'lihao@jinlinbao.com','18612580704',1,'admin','2015-04-24 16:54:53','admin','2015-04-25 11:13:58'),
	(15,'liulei','2e3746&ee279262b6af2b6c858bf85a1d1a29c6dcb8e653','刘磊',1,1,1000,23,3,25027,'liulei@jinlinbao.com','13810380797',1,'admin','2015-04-24 16:54:53','admin','2015-04-25 11:21:52'),
	(16,'shichaoqiang','34f920&e6a63382d40e48942127a6442aecf4781ca67f23','施朝强',0,1,100,20,24,163,'shichaoqiang@jinlinbao.com','13911334600',1,'admin','2015-04-24 16:54:53','admin','2015-04-25 11:47:57'),
	(17,'lvxiaohui','1d9801&771796a5721bad10b0dff76061c4318aa31886d2','吕小会',0,1,1001,0,0,3743,'lvxiaohui@jinlinbao.com','13651049194',0,'admin','2015-04-24 16:54:53','admin','2015-02-06 18:04:47'),
	(18,'wangcong','8541b7&6b34fe0a3cca00b2bdc02938a15dc406d09ddef5','王聪',0,1,1003,20,21,20488,'wangcong@jinlinbao.com','15201248213',1,'admin','2015-04-24 16:54:53','admin','2015-04-25 11:20:51'),
	(19,'liuhuan','45f1ba&6be86efe388d81bae4f6ee54e4233247b84de287','刘欢',0,1,0,20,21,225801,'liuhuan@jinlinbao.com','13552525453',1,'admin','2015-04-24 16:54:53','admin','2015-04-25 11:18:01'),
	(20,'sumengjun','7d224f&50d396318625f9a9595c9a50b09494743e3aacb5','苏梦君',0,1,1004,20,21,226239,'sumengjun@jinlinbao.com','18612890807',1,'admin','2015-04-24 16:54:53','admin','2015-04-25 11:25:29'),
	(21,'lijinye','b137cc&ad66ab968bdc5df725f53c7fe5e44e9b5cfcfe5f','李金业',0,1,121,28,17,52479,'lijinye@jinlinbao.com','18911002396',1,'admin','2015-04-24 16:54:53','admin','2015-04-25 11:00:46'),
	(22,'wangzhen','d0ae8e&d052cb70c050903c7d16f02fc9b8f2dd73d762bd','王震',0,1,12331,28,17,35053,'wangzhen@jinlinbao.com','18610966288',1,'admin','2015-04-24 16:54:53','admin','2015-04-25 11:20:38'),
	(23,'wangdenglun','ab5443&8f35ca933f336cc3c3ab5164e3181671e0708215','王登伦',0,1,1214,7,8,48093,'wangdenglun@jinlinbao.com','13269873881',1,'admin','2015-04-24 16:54:53','admin','2015-04-25 10:55:43'),
	(24,'linbo','ad919f&7da3a786c21c729ac2d6a3b6ca8272254f12bd21','林波',0,1,1000002,0,0,90743,'linbo@jinlinbao.com','15910570064',0,'admin','2015-04-24 16:54:53','admin','2015-02-06 18:05:24'),
	(25,'liqian','249716&cb1815c22e31ab99fb987e015da68bca6735e70f','李倩',0,1,1000011,27,42,65287,'liqian@jinlinbao.com','13811180156',1,'admin','2015-04-24 16:54:53','admin','2015-04-25 11:24:08'),
	(26,'hemeiting','af79c4&35a1c330c5e436d00bce43c7e3dcb6daad578f57','贺美停',0,1,1000012,27,43,25441,'hemeiting@jinlinbao.com','18511585924',1,'admin','2015-04-24 16:54:53','admin','2015-04-25 11:24:35'),
	(27,'yanming','e66910&cdcde7d1331b3497325399a77bfa38012e00a70a','闫明',0,1,1000013,21,29,72927,'yanming@jinlinbao.com','18001272378',1,'admin','2015-04-24 16:54:53','admin','2015-04-25 11:23:11'),
	(28,'zhangqi','343068&cf2a3cb67ce6c4fedc40f66ad2fe6307579262dc','张琦',0,1,200001,23,3,46,'zhangqi@jinlinbao.com','13581598337',1,'admin','2015-04-24 16:54:53','admin','2015-04-25 11:06:12'),
	(29,'zhenglei','f500a1&024138067ac27f2c4cdfa2da14e914f1d58d909f','郑磊',0,1,200002,21,32,104,'zhenglei@jinlinbao.com','13121653381',1,'admin','2015-04-24 16:54:53','admin','2015-04-25 11:13:18'),
	(30,'tianzhenyu','8a3b2d&54db5ae2236975280b4560008866bb1e2caf72bf','田振雨',0,1,100003659,20,21,94745,'tianzhenyu@jinlinbao.com','13691463362',1,'admin','2015-04-24 16:54:53','admin','2015-04-25 11:16:19'),
	(31,'lihongtao','5d608f&4a2c22d8fc68612cdc13625d70806f727dad0267','李洪涛',0,1,2000012,26,59,73531,'lihongtao@jinlinbao.com','13191785541',0,'admin','2015-04-24 16:54:53','admin','2015-04-25 18:01:06'),
	(32,'songzhaowei','c01290&1b1e1298973204b551f79a3684decf198199494a','宋召卫',1,1,56,23,3,26733,'songzhaowei@jinlinbaoc.om','13466539402',1,'admin','2015-04-24 16:54:53','admin','2015-04-25 11:07:05'),
	(33,'songchenglin','30c62a&17b5f32cdaf2a5e1da3489f0787ee6597bbe4c97','宋成林',0,1,1231,9,5,77,'songchenglin@jinlinbao.com','18985671886',1,'admin','2015-04-24 16:54:53','admin','2015-04-25 11:48:18'),
	(34,'wangping','cad437&1998fce94baf3502af741f5bf05f16473b549357','王平',0,1,1234,0,0,3933,'wangping@jinlinbao.com','13985820009',1,'admin','2015-04-24 16:54:53','admin','2015-04-11 10:12:21'),
	(35,'tianjingtao','23a673&a5a9f9f371359bfcf7322ea465f0a8e19902bea6','田景涛',0,1,1234,23,3,57,'tianjingtao@jinlinbao.com','18611635989',1,'admin','2015-04-24 16:54:53','admin','2015-04-25 11:37:18'),
	(38,'lidong','618c22&800c53bbb6b288ee3c33765207ae8fde75e6234e','李冬',0,1,1000014,7,23,131079,'lidong@jinlinbao.com','15313626761',1,'admin','2015-04-24 16:54:53','admin','2015-04-25 11:17:29'),
	(39,'liduo','2fa8be&29738ca24db644203d837d4705d84c1af496e175','李多',0,1,1000015,4,54,136071,'liduo@jinlinbao.com','15933141474',1,'admin','2015-04-24 16:54:53','admin','2015-04-25 11:20:40'),
	(40,'yangdawei','f6f684&c6030717f42646a02f9cbc16eedb1e305f018d54','杨大为',0,1,1000016,9,5,2546,'yangdawei@jinlinbao.com','18786664346',1,'admin','2015-04-24 16:54:53','admin','2015-04-25 11:15:51'),
	(41,'cairongjing','cda784&26386bf047b1d1ebc030a31a4f4eb694258190d3','蔡蓉晶',0,1,1000017,9,5,5491,'cairongjing@jinlinbao.com','15285145643',1,'admin','2015-04-24 16:54:53','admin','2015-04-25 17:59:56'),
	(42,'wangjun','20424e&1e9795c4fb579013d8b7a40401d47a3c79816172','王军',0,1,1000018,9,5,20278,'wangjun@jinlinbao.com','18585089498',1,'admin','2015-04-24 16:54:53','admin','2015-04-25 11:20:14'),
	(43,'chenchangsong','e93b29&1dbe31456865f754b9ee46e362eb7c020f3f2f00','陈长松',0,1,1000019,9,5,20287,'chenchangsong@jinlinbao.com','15286212593',1,'admin','2015-04-24 16:54:53','admin','2015-04-25 11:19:25'),
	(44,'tongliuchun','6b3a24&9d3a3cbc1bb5fe07b8df53753a8ffa6b144a7349','童流春',0,1,1000020,9,5,8007,'tongliuchun@jinlinbao.com','14708600369',1,'admin','2015-04-24 16:54:53','admin','2015-04-25 11:17:36'),
	(45,'18084335228','68015b&e23767d4c7a2f4266aaa312546822cf789ee7bff','万祖良',0,1,1000021,0,0,20298,'wanzuliang@jinlinbao.com','18084335228',1,'admin','2015-04-24 16:54:53','admin','2015-01-25 12:44:27'),
	(46,'huangpinpeng','9ef0f1&ba48eb2b2e46095cafe55b20493e34c72890a412','黄品鹏',0,1,1000022,9,5,23656,'huangpinpeng@jinlinbao.com','18216775983',1,'admin','2015-04-24 16:54:53','admin','2015-04-25 11:23:28'),
	(47,'penghai','d9acf3&6e60ba3a6e07595af8b6dee3fd39ad1a65079217','彭海',0,1,1000023,9,5,22393,'penghai@jinlinbao.com','13765104562',1,'admin','2015-04-24 16:54:53','admin','2015-04-25 11:21:36'),
	(48,'liuxiongjun','7faeb0&ceffbaa4039ef066bb6e5d179e5d7faa37fe604f','刘雄俊',0,1,1000024,9,5,40475,'liuxiongjun@jinlinbao.com','18685166749',1,'admin','2015-04-24 16:54:53','admin','2015-04-25 10:54:02'),
	(49,'huhai','614103&4d8c6a10b6d3e39d9e73c3bd1dff4cadab581fde','胡海',0,1,1000025,9,5,64562,'huhai@jinlinbao.com','15285648652',1,'admin','2015-04-24 16:54:53','admin','2015-04-25 11:07:54'),
	(50,'zhushuyong','3f77e7&fe7ae3a2d63e1eea8fc9ef2e3669f5214b268923','朱书勇',0,1,1000026,9,5,40113,'zhushuyong@jinlinbao.com','13027816178',1,'admin','2015-04-24 16:54:53','admin','2015-04-25 10:53:12'),
	(51,'huangyaogui','142af2&51741347e3e0940622d45070bcd35f9d1ec3990b','黄尧归',0,1,1000027,9,5,40024,'huangyaogui@jinlinbao.com','18275229131',1,'admin','2015-04-24 16:54:53','admin','2015-04-25 11:25:47'),
	(52,'huangjian','59abcd&5ecd478fb5728b717e8025a98c66bfccad9688d2','黄剑',0,1,1000028,9,5,58433,'huangjian@jinlinbao.com','18786684011',1,'admin','2015-04-24 16:54:53','admin','2015-04-25 11:07:33'),
	(53,'luchangyi','e861f3&41fe228a83b2a2603fba910e6c70ae2b89c2f2be','陆常意',0,1,1000029,9,5,72574,'luchangyi@jinlinbao.com','18386606852',1,'admin','2015-04-24 16:54:53','admin','2015-04-25 11:08:19'),
	(54,'madongxu','9a639a&a903969f4ebab586e7bc4c325fb01afac2d733cf','马东旭',0,1,1000030,9,5,40640,'madongxu@jinlinbao.com','18798010248',1,'admin','2015-04-24 16:54:53','admin','2015-04-25 10:53:33'),
	(55,'liuqingquan','b0907d&111a15e440f8446cd1ce1047bbc45717dd778af8','刘庆全',0,1,30000,0,0,155477,'liuqingquan@jinlinbao.com','13261845327',1,'admin','2015-04-24 16:54:53','admin','2015-02-03 14:24:47'),
	(57,'qilei','7d41e5&347c08f39b6fcd0a5da650b54ca1dc3c656131b1','琦磊',0,1,0,5,60,110678,'qilei@jinlinbao.com','15632490214',1,'admin','2015-04-24 16:54:53','admin','2015-04-25 18:03:04'),
	(58,'liuxian','421d7f&ea06355acb297d9da43e6f574998b03beaed64ff','刘贤',0,1,0,0,0,160772,'liuxian@jinlinbao.com','13103249662',1,'admin','2015-04-24 16:54:53','0','2015-04-10 20:13:21'),
	(59,'duxulin','853804&8978b1a96a22886504c5f0772b2850f80cf18229','杜旭林',0,1,200001,30,56,44658,'duxulin@jinlinbao.com','15885500866',1,'admin','2015-04-24 16:54:53','admin','2015-04-25 11:28:43'),
	(60,'liyangxun','a1cd5a&e79a129ff21966f4dde7edd55c935bf9d37a5d8f','李阳训',0,1,200002,18,10,20294,'liyangxun@jinlinbao.com','13984371810',1,'admin','2015-04-24 16:54:53','admin','2015-04-25 11:19:56'),
	(61,'songyongchang','7168dd&62012dad26f41d3059aca4852be77df52943974a','宋永昌',0,1,200003,18,10,20276,'songyongchang@jinlinbao.com','18275221275',1,'admin','2015-04-24 16:54:53','admin','2015-04-25 11:17:13'),
	(62,'kangbinghe','2b3ee1&208a1cb9afd6068c5c865342482a1967098bb8ac','康炳河',0,1,122,29,22,32621,'kangbinghe@jinlinbao.com','13810539171',1,'admin','2015-04-24 16:54:53','admin','2015-04-25 11:21:20'),
	(63,'miaogang','f43edd&01b38823c616b0acb0701cc51ccf3590b030ea9e','苗刚',0,1,20002,29,22,59704,'miaogang@jinlinbao.com','13911466039',1,'admin','2015-04-24 16:54:53','admin','2015-04-25 11:02:13'),
	(64,'sunxiaobo','5a34dd&260c1afde59659afc512664c5b8291856a1cbb4f','孙晓波',0,1,30001,21,29,8395,'sunxiaobo@jinlinbao.com','13718988943',1,'admin','2015-04-24 16:54:53','admin','2015-04-25 11:12:30'),
	(65,'hanhongna','eee518&e7e691e4bf6a75695d698d5b3fe65a0bb45850ae','韩红娜',0,1,30003,33,40,51114,'hanhongna@jinlinbao.com','18813111752',1,'admin','2015-04-24 16:54:53','admin','2015-04-25 11:21:16'),
	(66,'15185765057','041e06&d714912dc1761924c1ed5058505823a30a6aca50','陈克林',0,1,1000032,0,0,95205,'chenkelin@jinlinbao.com','15185765057',1,'admin','2015-04-24 16:54:53','0','2015-04-10 21:01:10'),
	(67,'13618554741','215eae&380d5115529c749678899b33613821d878d594be','毕家冰',0,1,1000033,0,0,136754,'bijiabing@jinlinbao.com','13618554741',1,'admin','2015-04-24 16:54:53','admin','2015-03-20 14:55:42'),
	(68,'fujia','14ce95&de7f791eaf8e8ce6945744b1269338ff6673fb08','符佳',0,1,0,0,0,123240,'736729520491@test.com','18600940125',1,'admin','2015-04-24 16:54:53','admin','2015-03-08 17:50:59'),
	(69,'yangyu','3cd5a1&0fd6a903d706ebf2d66bb1e67f9b3a3c1d6cf5da','杨宇',0,1,1000034,0,0,2080,'0496324417814@test.com','15985505302',1,'admin','2015-04-24 16:54:53','admin','2015-03-09 13:36:59'),
	(70,'wushoujun','544b85&1a260f6629ce3862d1064bd25eef0e2ba561ed1b','吴寿军',0,1,1000035,0,0,98318,'00317888935622@test.com','15208550707',1,'admin','2015-04-24 16:54:53','admin','2015-03-09 13:38:37'),
	(71,'百世汇通','e9ff3e&a0c2403f2ff2fef69312d8e32f5342a29acf250c','百世汇通',0,0,0,0,0,95779,'0699250408723@test.com','18984494608',1,'admin','2015-04-24 16:54:53','admin','2015-03-16 11:42:04'),
	(72,'quanfeng','2158fc&eb897ebd463074d5a3b1b58e5b744a6eefb9abf4','全峰',0,0,1000036,0,0,95792,'317602646656@test.com','18230725582',1,'admin','2015-04-24 16:54:53','admin','2015-03-16 11:42:31'),
	(74,'yunda','bb4c20&8b7a62eae318b387a2f0b1fd160cff23702e5abb','韵达',0,0,1000037,0,0,104573,'738357159657@test.com','18508550198',1,'admin','2015-04-24 16:54:53','admin','2015-03-16 11:42:49'),
	(75,'zhongtong','2fe1f9&78f836574fe3f2e0b9aad548571863c2e94cd596','中通',0,0,1000038,0,0,168270,'0750107817998@test.com','13595599095',1,'admin','2015-04-24 16:54:53','admin','2015-03-16 11:43:08'),
	(76,'shunfeng','ca4daf&daec1643c5c9109c2fd58ba6f97484bb3d2c29d1','顺丰',0,1,1000039,0,0,106669,'0843767480445@test.com','13885533468',1,'admin','2015-04-24 16:54:53','admin','2015-03-10 17:56:46'),
	(77,'yandong2','ca6f9d&096d9b2e8ed01ccb23dd73f5b22ae240958f6268','闫东2',0,1,0,0,0,74389,'yandong2@jinlinbao.com','15175521722',1,'admin','2015-04-24 16:54:53','admin','2015-03-11 10:52:42'),
	(78,'baishihuitong','08d218&e01418b935050d5fe8b03351fcd1c927c8e49332','百世',0,1,0,0,0,72376,'874918062695@test.com','18798044609',1,'admin','2015-04-24 16:54:53','admin','2015-03-12 13:17:48'),
	(79,'EMS','dd7010&2f6556145b6d6d73941ad2a2667378f4b3e520fc','EMS',0,1,0,0,0,145103,'289393076157@test.com','18286093563',1,'admin','2015-04-24 16:54:53','admin','2015-03-12 13:18:38'),
	(80,'zhongtong1','5d8ade&5a282d679e894c718c9b49891630b5f9c86c2b7b','中通',0,1,0,0,0,180,'518230897993@test.com','13385112500',1,'admin','2015-04-24 16:54:53','admin','2015-03-12 13:20:11'),
	(82,'xuliang','d5526f&50d263069bfd914cf6f8a5883dc7ec12305fb724','许亮',0,1,0,22,7,148349,'xuliang@jinlinbao.com','15810759177',1,'admin','2015-04-24 16:54:53','admin','2015-04-25 11:45:27'),
	(83,'guorongrong','46f552&3696759f28dc8939f2b91ece7650d0029592d2b0','郭蓉蓉',0,1,0,22,19,102488,'guorongrong@jinlinbao.com','13552459602',1,'admin','2015-04-24 16:54:53','admin','2015-04-25 11:45:09'),
	(84,'wangmingming','fa7367&d08aaeff3a7e19b2352e55dea4666d17d4ab5d4f','王明明',0,1,0,31,15,103447,'wangmingming@jinlinbao.com','15110131391',1,'admin','2015-04-24 16:54:53','admin','2015-04-25 11:44:45'),
	(85,'zhouke','d461a8&19b2b790a74896b766812f945d3e6f7713306223','周可',0,1,0,31,20,101405,'zhouke@jinlinbao.com','15010158986',1,'admin','2015-04-24 16:54:53','admin','2015-04-25 11:44:19'),
	(86,'andehang','ff88ff&3fc08a6705268da7593856f16d8e04f16c34a0e6','安德航',0,1,0,31,20,141939,'andenghang@jinlinbao.com','13572070084',1,'admin','2015-04-24 16:54:53','admin','2015-04-25 11:43:54'),
	(87,'liangjinchao','d83ccd&0d0ab5f69efb00f60b031ebda026293c885c1a3e','梁进朝',1,1,0,24,14,184546,'liangjinchao@jinlinbao.com','15101198151',1,'liyongyu','2015-04-24 16:54:53','admin','2015-04-25 11:06:57'),
	(88,'gaochao','3be225&318280c67849ab128d1cad0b1e5f959f9141718a','高超',1,1,121,24,28,163096,'gaochao@jinlinbao.com','15701698053',1,'liyongyu','2015-04-24 16:54:53','admin','2015-04-25 11:31:42'),
	(89,'wangjuan','d18879&dbf49124840f4c54b6956b7b5c354dc440475dd0','王娟',0,1,1005,0,0,216197,'wangjuan@jinlinbao.com','18910811263',1,'admin','2015-04-24 16:54:53','admin','2015-03-26 17:03:37'),
	(90,'huangchao','ef971d&5104f5ea0cb31f76e278e6b31a3c8266cdf9fb90','黄超',0,1,0,4,54,103939,'huangchao@jinlinbao.com','13141234437',1,'admin','2015-04-24 16:54:53','admin','2015-04-25 17:54:17'),
	(91,'liushihua','21b36f&682f3223ceef9c2135abfd7f05efa42105a2de1b','刘施华',0,1,0,4,54,105010,'liushihua@jinlinbao.com','18811718068',1,'admin','2015-04-24 16:54:53','admin','2015-04-25 17:55:09'),
	(92,'renshiwen','518ad1&dbcb34f5ed578396c752f55eeefabec995723518','任施文',0,0,0,0,0,115156,'6109237472@test.com','13391989176',1,'admin','2015-04-24 16:54:53','admin','2015-03-29 18:29:41'),
	(93,'sunjiaku','8c6f05&c8b5d925e47943f84b6c18223de9cfd23aca9b28','孙家库',0,1,0,4,54,220344,'sunjiaku@jinlinbao.com','15110208455',1,'admin','2015-04-24 16:54:53','admin','2015-04-25 11:43:29'),
	(94,'liliguo','c21c7e&9a672ef81261630ed05d13d8a1459120acba1ce6','李利国',0,0,0,4,54,204250,'liliguo@jinlinbao.com','18749921782',1,'admin','2015-04-24 16:54:53','admin','2015-04-25 11:36:24'),
	(95,'zhaozihua','237f7f&4495e185268c4b5a588be1ddd967cae076a51583','赵子华',0,0,0,0,0,203537,'0323075416463@test.com','18632230308',1,'admin','2015-04-24 16:54:53','admin','2015-03-29 18:29:17'),
	(96,'wangxiaohai','a22821&2e6b339f9e04560dbd4c25c99152900f3c9274f1','王晓海',0,1,10000001,32,25,141023,'wangxiaohai@jinlinbao.com','13661390464',1,'admin','2015-04-24 16:54:53','admin','2015-04-25 11:23:37'),
	(97,'liyan','a6684f&2182df4af3ae51f0580c76523f4d2c308b790327','李岩',0,1,1000002,32,35,184547,'liyan@jinlinbao.com','18310635503',1,'admin','2015-04-24 16:54:53','admin','2015-04-25 11:16:00'),
	(98,'dengyongjin','75d943&5b9cb95c7e7a540841ef48190708d6568134b791','邓永进',0,1,0,18,10,20340,'dengyongjin@jinlinbao.com','18684150249',1,'admin','2015-04-24 16:54:53','admin','2015-04-25 11:16:19'),
	(99,'testfj','c6c1e4&12871416a6b575f0539ed1dd06e4697d9fb79577','testfj',0,0,0,0,0,143739,'426893737156@test.com','13520442427',1,'fengjing','2015-04-24 16:54:53','10','2015-04-10 16:09:13'),
	(100,'lipeng','f10d7a&8eb42a3b3df03127196c16ed418715a056de1d2c','李鹏',1,1,0,24,47,223926,'lipeng@jinlinbao.com','13426498068',1,'liyongyu','2015-04-24 16:54:53','admin','2015-04-25 11:29:31'),
	(101,'liangline','3db82f&adcd017ea963dec378f11d787809031a4f59f9af','梁进朝line',0,1,0,0,0,224269,'linjinchao1@jinlinbao.com','18268836836',1,'liangjinchao','2015-04-24 16:54:53','10','2015-04-10 16:08:57'),
	(102,'wangli','2ff47e&ac30e5f286ca24fb634609b8a9badff458fb0bab','王丽',0,1,1004,20,21,219,'wangli@jinlinbao.com','18701388262',1,'admin','2015-04-24 16:54:53','admin','2015-04-25 11:35:12'),
	(103,'baoyakun','890e1a&053b2794933cb75203be51ae50dc1f78f3f2f1c6','暴亚坤',0,1,0,4,54,225806,'baoyakun@jinlinbao.com','13651181517',1,'admin','2015-04-24 16:54:53','admin','2015-04-25 11:23:55'),
	(104,'jializhu','a1dc3c&b1dfd1d4d4ca0841dea258c60357469ece3afd25','贾立柱',0,1,0,7,23,231328,'jializhu@Jinlinbao.com','13121842173',1,'admin','2015-04-24 16:54:53','admin','2015-04-25 11:17:14'),
	(105,'lilaichun','eee13d&699be058cd2e35a12c70eb87d5d97c4edbb7e676','李来春',0,1,0,4,54,231291,'lilaichun@jinlinbao.com','15364542223',1,'admin','2015-04-24 16:54:53','admin','2015-04-25 11:27:14'),
	(106,'luchaozhong','0e1155&e1cd14c5065a7e3a9fa10f93eb56dd064414041c','卢朝仲',0,1,0,7,23,227043,'luchaozhong@jinlinbao.com','18232063310',1,'admin','2015-04-24 16:54:53','admin','2015-04-25 11:26:20'),
	(107,'yangfengping','a8bdc3&5d6ffb6082716e5c9489ec48b113404b465855a7','杨凤平',0,1,0,4,54,231447,'yangfengping@jinlinbao.com','13167351466',1,'admin','2015-04-24 16:54:53','admin','2015-04-25 11:29:18'),
	(108,'zhuaiming','3a857f&4da308ec647ce4e655914c5669475c71030f228c','朱爱民',0,1,0,7,23,224836,'zhuaimin@jinlinbao.com','13578984669',1,'admin','2015-04-24 16:54:53','admin','2015-04-25 11:21:55'),
	(109,'gaozhiliang1','','临时加1',0,1,0,0,0,76295,'gaozhiliang1@jinlinbao.com','12345678901',1,'','2015-04-24 16:54:53','','2015-04-10 10:59:48'),
	(110,'gaozhiliang3','','临时加3',0,1,0,0,0,43624,'gaozhiliang3@jinlinbao.com','12345678903',1,'','2015-04-24 16:54:53','','2015-04-10 12:11:57'),
	(111,'gaozhiliang2','','临时加2',0,1,0,0,0,70851,'gaozhiliang2@jinlinbao.com','12345678902',1,'','2015-04-24 16:54:53','','2015-04-10 10:59:45'),
	(112,'liugang','ff4ac8&248b46933d6389467b935fae6e7cd331f62f76e0','刘刚',0,1,7206,16,26,165929,'liugang@jinlinbao.com','18611547206',1,'admin','2015-04-24 16:54:53','admin','2015-04-25 11:44:11'),
	(113,'dongwei','cbed18&5df08514dfbdd797fb700eb9f5abaad02c9ecb66','董伟',0,1,0,16,26,0,'dongwei@jinlinbao.com','17701225865',1,'1','2015-04-24 16:54:53','admin','2015-04-25 11:43:46'),
	(114,'gaochaotest','f5e0e8&233689f4ed35fc211b107df942e6bdb9df0aa100','高超测试',0,1,0,0,0,0,'501814353226@test.com','15701698000',1,'88','2015-04-24 16:54:53','gaochao','2015-04-10 16:21:54'),
	(115,'chenhanyu','887545&15a3bbeddcdf126c68ac0a2b0925f8a34aa51bfb','陈晗瑜',0,1,0,0,0,0,'264713980042@test.com','13051557018',1,'14','2015-04-24 16:54:53','14','2015-04-10 19:36:01'),
	(116,'gepengfei','f82cb8&45ba492cc84fab0ec8efa2f06207c99c055a74d7','靳鹏飞',0,1,0,0,0,0,'0457913478291@test.com','18813104122',1,'14','2015-04-24 16:54:53','14','2015-04-10 19:40:19'),
	(117,'bieke','880493&404715705b33a1dae8ded339c61f0c849a3d0036','别克',0,1,0,0,0,0,'0138720053368@test.com','13269887090',1,'14','2015-04-24 16:54:53','14','2015-04-10 19:47:57'),
	(118,'zhaoyanyan','28e8f6&2093fe14699e41c3287c4c64eb6a67373b89121a','赵艳艳',0,1,0,0,0,0,'117459180547@test.com','13021234298',1,'14','2015-04-24 16:54:53','14','2015-04-10 19:51:17'),
	(119,'wangyu','b78803&695b4702b14848ffb10b737b73d12b1373d65c9c','王禹',0,1,0,0,0,0,'574535440968@test.com','15655551757',1,'14','2015-04-24 16:54:53','14','2015-04-10 19:53:04'),
	(120,'荆之瑗','bb1338&145f29543596c620cb206bbe7c26b28b16b7296d','荆之瑗',0,1,0,0,0,0,'48356132577@test.com','13269895139',1,'14','2015-04-24 16:54:53','14','2015-04-10 19:55:57'),
	(121,'mapingjie','fbfd48&f3a25c9a8ea766d64a988e673dc1bf98eec0ea58','马平杰',0,1,0,0,0,0,'34724495519@test.com','13021210401',1,'14','2015-04-24 16:54:53','14','2015-04-10 19:59:40'),
	(122,'qiujingdan','2a9212&bf97e33bb13bf2115ca6893f73dd03f484277406','仇景丹',0,1,0,0,0,0,'571478239126@test.com','13021209044',1,'14','2015-04-24 16:54:53','14','2015-04-10 20:10:39'),
	(123,'baozhikuan','e92797&a37fd584acf6ad54c89c7a9b86e8bb62031a72a6','暴志宽',0,1,0,4,54,0,'baozhikuan@jinlinbao.com','18513689151',1,'14','2015-04-24 16:54:53','admin','2015-04-25 11:34:28'),
	(124,'lichengzhi','7d7b90&17d35cf01c1a4fe642bb901e0d146f7f95de9eb1','李成志',0,1,0,0,0,0,'246463931539@test.com','18810565420',1,'14','2015-04-24 16:54:53','14','2015-04-11 11:54:49'),
	(125,'yeerjiang','2989a9&423c612c6355cb53b1c77bcf3141137b2795523d','叶尔江',0,1,0,0,0,0,'338599631111@test.com','17801047523',1,'14','2015-04-24 16:54:53','14','2015-04-11 12:29:57'),
	(126,'sunchunjiang','4ca838&b09e5f0b73eb5e158de2dd6d88b076774c7d34d2','孙春江',0,0,0,0,0,0,'945470035434@test.com','18810128512',1,'14','2015-04-24 16:54:53','14','2015-04-11 12:57:07'),
	(127,'chendelong','f03c42&16867c9c21a09e6c2034cc34fae8ba87a65929f9','陈得龙',0,1,0,0,0,0,'936963757535@test.com','13021254090',1,'11','2015-04-24 16:54:53','11','2015-04-12 12:41:33'),
	(128,'18276588840','360cb3&2b676aeb48475ae698c8eed93ebf39fd5553d0e5','陈新雨',0,1,0,0,0,0,'81726400289@test.com','18276588840',1,'16','2015-04-24 16:54:53','songchenglin','2015-04-15 13:20:22'),
	(129,'15994389456','da20e0&ac50fa2b7a579c5553d8b96b20ccde2e816a00d9','秦翔',0,1,0,0,0,0,'0249262664096@test.com','15994389456',1,'16','2015-04-24 16:54:53','songchenglin','2015-04-15 13:12:56'),
	(130,'zhaozhengyang','c14fb6&bb46d74f7fcd023f8a51e8fb55c3c72056d48e8e','赵正阳',0,1,0,0,0,0,'0680198264594@test.com','18811719808',1,'14','2015-04-24 16:54:53','14','2015-04-12 02:07:14'),
	(131,'lilin','738cb2&77315d3d7ddd383408f8accdf08f73d5710f619f','李琳',0,1,0,0,0,0,'579450171781@test.com','13021234293',1,'11','2015-04-24 16:54:53','11','2015-04-12 02:11:26'),
	(132,'hanbing','10681b&b7194dc394ed85895c53ed06888533f740eee239','韩兵',0,1,0,0,0,0,'516346564301@test.com','13681429507',1,'14','2015-04-24 16:54:53','14','2015-04-12 08:56:52'),
	(133,'18811798904','d74f69&bab78bf68e0711dc39a9ff8b1c2a791a7497eb72','邰腾龙',0,0,0,0,0,0,'181626890236@test.com','18811798904',1,'14','2015-04-24 16:54:53','14','2015-04-13 09:13:29'),
	(134,'17801044108','c1a76a&b062da391a8ded3b37db6de66d9bbe3a582c3629','孙逸舒',0,1,0,0,0,0,'320623488208@test.com','17801044108',1,'14','2015-04-24 16:54:53','14','2015-04-13 09:12:53'),
	(135,'18810554573','efe97a&72f1a36a1c6cccdfda31b7da36657b18e91c225c','代青格乐',0,0,0,0,0,0,'37335564292@test.com','18810554573',1,'14','2015-04-24 16:54:53','14','2015-04-13 09:12:41'),
	(136,'15352066613','b0efd4&d4222b2f82b8dd5295ce9d2988ab90a7275fcad7','姚丽媛',0,0,0,0,0,0,'818540216569@test.com','15352066613',1,'14','2015-04-24 16:54:53','14','2015-04-13 09:13:06'),
	(137,'18085117154','f55f07&1d17d8bc56c72dfa0b8ad3a70995ae0d04c26e78','杨顺吉',0,1,0,18,10,0,'yangshunji@jinlinbao.com','18085117154',1,'33','2015-04-24 16:54:53','admin','2015-04-25 11:43:20'),
	(138,'chenxinyu','9a68c1&b7f5c3cd39ed2ee434c9ae0f018a2cbae4574475','陈新雨',0,1,0,0,0,0,'846573767032@test.com','18169625186',1,'16','2015-04-24 16:54:53','liyongyu','2015-04-14 14:00:15'),
	(139,'13597061070','bb4d0d&6e2fbbf0ca684f118b8918f0cc3b34b3df45d0fa','胡艺璇',0,1,0,0,0,0,'222713021753@test.com','13597061070',1,'16','2015-04-24 16:54:53','16','2015-04-13 11:15:27'),
	(140,'zhangyuyan','2a52d2&4a43792b9a07a0b12ed38a3cc1d968f365bbabfe','张玉艳',0,1,0,0,0,0,'0978057474104@test.com','18401619639',1,'14','2015-04-24 16:54:53','14','2015-04-13 13:01:03'),
	(141,'maoyuling','3a9712&f57d3fa91f353061441e1f0be56b980d10df7968','毛玉铃',0,1,0,0,0,0,'787609447387@test.com','18811717228',1,'14','2015-04-24 16:54:53','14','2015-04-13 13:01:54'),
	(142,'wangpengchong','4b5d42&b6c6e9448344c0e4297fbe23e0fe765868772abb','王鹏翀',0,1,0,0,0,0,'229879724734@test.com','18810669096',1,'14','2015-04-24 16:54:53','14','2015-04-13 13:02:43'),
	(143,'banxijuan','f7e420&801bdc2d5df81bf8ac305de78b291f23e8c0033a','班曦娟',0,1,0,27,58,0,'banxijuan@jinlinbao.com','18515037535',1,'14','2015-04-24 16:54:53','admin','2015-04-25 11:40:42'),
	(144,'gouqi','107d17&b7dcd14ec506413e95a682d4afd0a263607cb919','苟琪',0,1,0,0,0,0,'197279294127@test.com','13001902979',1,'14','2015-04-24 16:54:53','14','2015-04-13 15:34:21'),
	(145,'xuchen','8f7aa8&bb2ef51c1795e8674cb7f39b75bd9de245300d98','徐晨',0,1,0,22,39,0,'xuchen@jinlinbao.com','13910235774',1,'14','2015-04-24 16:54:53','admin','2015-04-25 11:09:13'),
	(146,'18811581593','f3cf12&ae1fff095c798a2fbe13c31238af96aafe3bb759','王昱',0,1,0,0,0,0,'330158383628@test.com','18811581593',1,'11','2015-04-24 16:54:53','11','2015-04-14 09:15:15'),
	(147,'18801004958','15e105&e7935bbf3f5b946f6b0a4c34d22e1a5e19f4f7ab','陈笑言',0,1,0,0,0,0,'501991154071@test.com','18801004958',1,'14','2015-04-24 16:54:53','14','2015-04-14 13:03:46'),
	(148,'13269887717','2ac76c&40c9527a240acf684207bf9f00124e59d01c97a7','王辉',0,1,0,0,0,0,'0838089599595@test.com','13269887717',1,'14','2015-04-24 16:54:53','14','2015-04-14 13:04:29'),
	(149,'zhanglei','0ff88d&eb6101f61f2802a0ad2639f28bfc2152cd2fb641','张雷',0,1,0,4,54,0,'zhanglei@jinlinbao.com','15801451192',1,'14','2015-04-24 16:54:53','admin','2015-04-25 17:53:11'),
	(150,'xuefangxiu','6efd41&e074936c61772372744e72510a01d67672c5639e','薛芳秀',0,1,0,0,0,0,'186163027051@test.com','17801059261',1,'14','2015-04-24 16:54:53','14','2015-04-15 13:12:03'),
	(151,'malin','b5aa8e&f1de3d23b9699696f180d7a9c494a84f6a840280','马琳',0,1,0,0,0,0,'664686358125@test.com','15652650961',1,'14','2015-04-24 16:54:53','14','2015-04-15 13:12:53'),
	(152,'18747492767','44f5e0&9167f40efe7c16e5577bd07b61f67e1590a017f5','曹阳',0,1,0,0,0,0,'251801451043@test.com','18747492767',1,'11','2015-04-24 16:54:53','11','2015-04-15 13:43:21'),
	(153,'17888802392','6a740e&2ac82f3a54e5d77b9a92cc844847f4e0dc7a8d87','王萌',0,1,0,0,0,0,'474473537388@test.com','17888802392',1,'11','2015-04-24 16:54:53','11','2015-04-15 13:44:15'),
	(154,'18813106847','24cfe9&9947c68e8ad78ab700590b60e2cbb49bb0a376d9','汪秋霞',0,1,0,0,0,0,'83535107806@test.com','18813106847',1,'14','2015-04-24 16:54:53','14','2015-04-15 15:47:40'),
	(155,'17801059178','a5b927&73734d9bdacea1f4c86d6e1dd232027c6c7ceb8b','王翮',0,1,0,0,0,0,'400055096719@test.com','17801059178',1,'14','2015-04-24 16:54:53','0','2015-04-15 15:49:48'),
	(156,'chenjiayi','568ceb&e7c73d4c7ae302d55f353fb69bf38ec45b9bf948','陈佳怡',0,1,0,0,0,0,'188136754282@test.com','13241255352',1,'14','2015-04-24 16:54:53','14','2015-04-15 23:27:42'),
	(157,'liuaixin','11c270&ac255a3ff91959fcdee3e49c5ce68caaa773b5f2','刘爱鑫',0,1,0,0,0,0,'120719656445@test.com','18811371104',1,'14','2015-04-24 16:54:53','14','2015-04-15 23:28:39'),
	(158,'jumenglu','481bc5&93883c670252ed026dcb2f2d8de228d28391ca94','雎梦璐',0,1,0,0,0,0,'858397855077@test.com','13261573979',1,'11','2015-04-24 16:54:53','11','2015-04-16 09:12:23'),
	(159,'18811717668','d27339&0ab3f90626770214e28b62773de6e49e8eec00db','周颖',0,1,0,0,0,0,'580028393018@test.com','18811717668',1,'14','2015-04-24 16:54:53','14','2015-04-16 13:01:41'),
	(160,'17801035209','43610a&8e3362a2ef2208225496fee980f07a96b7a3a833','薛仕高',0,1,0,0,0,0,'985312928562@test.com','17801035209',1,'11','2015-04-24 16:54:53','11','2015-04-16 13:11:00'),
	(161,'lilinwei','4f6516&e50c7c2e19fa5285e279d306b22c488bbb5772c3','李林蔚',0,1,0,0,0,0,'749058864662@test.com','15652933578',1,'14','2015-04-24 16:54:53','14','2015-04-16 15:52:05'),
	(162,'linlin','21851e&7627062caf81a88346d8d919b34044c519372145','林琳',0,1,0,0,0,0,'660423027989@test.com','15588380989',1,'14','2015-04-24 16:54:53','14','2015-04-16 15:52:47'),
	(163,'guichangsheng','87667c&d508714e2bef550a0fb7dad0258d325fa0054cd0','桂昌胜',0,1,0,4,54,0,'520684533747@test.com','18910576878',1,'14','2015-04-24 16:54:53','admin','2015-04-25 17:50:32'),
	(164,'15177908607','d39307&4be689435b7382deb649af9587fa540bdb0cf1df','覃良锐',0,1,0,0,0,0,'124058351869@test.com','15177908607',1,'33','2015-04-24 16:54:53','33','2015-04-18 11:16:13'),
	(165,'zhanghongzhe','0be508&24c9c16a238c445db9f383cbc40bc44430494206','张洪哲',0,1,0,0,0,0,'0660231433123@test.com','15311437984',1,'14','2015-04-24 16:54:53','14','2015-04-18 12:49:20'),
	(166,'18811717509','a7bdcb&0d2e38f3124fbe13b121ce9c3547e2be8d98efec','郝丹',0,1,0,0,0,0,'118839190575@test.com','18811717509',1,'14','2015-04-24 16:54:53','14','2015-04-19 08:42:35'),
	(167,'wangenhe','bc8e0a&6cf0767e95a5be8a696978bfb1c5ef29cdff3804','王恩和',0,1,0,0,0,0,'868419426347@test.com','13021234292',1,'14','2015-04-24 16:54:53','14','2015-04-19 09:15:54'),
	(168,'liaohuiling','8f7dfe&240b64dba5510d27f43ae850a0d8b9a54fd4e563','廖慧玲',0,1,0,0,0,0,'323077934454@test.com','13241322090',1,'11','2015-04-24 16:54:53','11','2015-04-19 13:01:40'),
	(169,'lile','ec25a4&a06d553c36b814a3271c79ffae9b289dc7c144a8','李乐',0,1,0,0,0,0,'805754616434@test.com','18813159298',1,'14','2015-04-24 16:54:53','14','2015-04-19 13:05:45'),
	(170,'13366592486','5708d5&354d4ef67ff9cae81122cf4f6ea0519c92db9e39','李玉阳',0,1,0,0,0,0,'659178176654@test.com','13366592486',1,'14','2015-04-24 16:54:53','14','2015-04-20 08:59:16'),
	(171,'duxinyu','328136&c72c381f86414537918700dce3523b2af1bac278','杜新玉',0,0,0,0,0,0,'453198585934@test.com','13126827891',1,'23','2015-04-24 16:54:53','23','2015-04-20 11:20:55'),
	(172,'邵小康','a56e57&a42c2d6d9367a455fc78f7966396eb0dddf34ff6','邵小康',0,0,0,0,0,0,'414818870255@test.com','18813151218',1,'23','2015-04-24 16:54:53','23','2015-04-20 11:24:10'),
	(173,'吴龙辉','50ced4&ecb5fb4418391946a0a6a5e88711455992e49382','吴龙辉',0,0,0,0,0,0,'387191773447@test.com','18811760230',1,'23','2015-04-24 16:54:53','23','2015-04-20 11:25:44'),
	(174,'石川','c3c54c&f8a89e9702b828f024cb40947c5730679655b2b4','石川',0,0,0,0,0,0,'844897868897@test.com','13126788268',1,'23','2015-04-24 16:54:53','23','2015-04-20 11:26:51'),
	(175,'蒙松','f8eea7&ca0f66dbe7e0cb9dfe7dbf20c04a3ea89bff0e9c','蒙松',0,0,0,0,0,0,'0310190257009@test.com','18111367500',1,'23','2015-04-24 16:54:53','23','2015-04-20 11:28:03'),
	(176,'王俊懿','215b2a&6615fc49f8ec524113d0ca3706f939ca278df682','王俊懿',0,0,0,0,0,0,'874248328023@test.com','13141277395',1,'23','2015-04-24 16:54:53','23','2015-04-20 11:29:47'),
	(177,'董华山','0b599e&3a77846d5b51d8be2121a25aed23344ebfcc45ba','董华山',0,0,0,0,0,0,'978031375748@test.com','13126895629',1,'23','2015-04-24 16:54:53','23','2015-04-20 11:30:53'),
	(178,'baiyushan','937b15&dbcaab3c6841aa46ffb2abe2527ae5d5761b897f','柏瑜珊',0,0,0,0,0,0,'823508507977@test.com','13541811995',1,'23','2015-04-24 16:54:53','23','2015-04-20 11:32:11'),
	(179,'guopanpan','4e6f3a&9ccf874273858b656fa1f397636e68ceaf9a1838','郭盼盼',0,0,0,0,0,0,'972939399908@test.com','13126820919',1,'23','2015-04-24 16:54:53','23','2015-04-20 11:33:30'),
	(180,'18510085292','68db99&2191c94d258e90e867a8e35b2892748bd0e0c02f','姬生博',0,1,0,0,0,0,'502647459151@test.com','18510085292',1,'14','2015-04-24 16:54:53','14','2015-04-20 12:33:32'),
	(181,'李啸然','517f89&ed83c804b79d8c1a11c401e7561211c7b5b3c0a4','李啸然',0,0,0,0,0,0,'767461752734@test.com','13126793010',1,'23','2015-04-24 16:54:53','23','2015-04-20 14:29:52'),
	(182,'陈高','c4e341&31f067a5b47b2b330ac7c0db8674512bec57832b','陈高',0,0,0,0,0,0,'630668430877@test.com','18511323560',1,'23','2015-04-24 16:54:53','23','2015-04-20 14:30:32'),
	(183,'高勇','4269a3&76e04a072330355238e4b6473ef040196a1df217','高勇',0,0,0,0,0,0,'00701888159131@test.com','18810697747',1,'23','2015-04-24 16:54:53','23','2015-04-20 14:31:20'),
	(184,'王骄阳','dd585e&20c8c889d77bc806ac7773fd36e04c1bf770dc2a','王骄阳',0,0,0,0,0,0,'379674092691@test.com','13370136130',1,'23','2015-04-24 16:54:53','23','2015-04-20 16:01:38'),
	(185,'卢朝仲','4e48c3&e0ce046310fcd4ff0fb306d3a26abdf68203818a','卢朝仲',0,1,0,0,0,0,'699606334668@test.com','15711000670',1,'23','2015-04-24 16:54:53','23','2015-04-20 14:36:12'),
	(186,'林鑫','b93f00&854c328c0cecec8199b7e39a555e7232ab636604','林鑫',0,0,0,0,0,0,'514076268186@test.com','13126836575',1,'23','2015-04-24 16:54:53','23','2015-04-20 14:39:05'),
	(187,'崔佳瑶','0dae2f&fafafd3b2d027de71831fc69fa30f961bb7ed072','崔佳瑶',0,0,0,0,0,0,'16326562718@test.com','18813095288',1,'23','2015-04-24 16:54:53','23','2015-04-20 14:39:51'),
	(188,'13681429597','c8eacc&f17df85fcf3249f9271c18d031ac3066a9235263','韩兵',0,1,0,0,0,0,'737385030052@test.com','13681429597',1,'11','2015-04-24 16:54:53','11','2015-04-20 16:31:08'),
	(189,'jiangnan','505a0e&316d8ae18a0795a5ff956a45f4e10f14ab646dc1','姜楠',0,1,0,0,0,0,'160380636667@test.com','13812070135',1,'14','2015-04-24 16:54:53','14','2015-04-21 09:20:10'),
	(190,'15801594837','1fce3d&526715b1ecb7c042b836af7f0331b84b06d74490','孙晓晓',0,1,0,0,0,0,'946763976056@test.com','15801594837',1,'14','2015-04-24 16:54:53','14','2015-04-21 09:46:42'),
	(191,'wujinling','4092dc&d58fa4540b68032a0cca02403dc467c1fbce8a4c','吴金玲',0,1,0,0,0,0,'138377635157@test.com','15286385568',1,'16','2015-04-24 16:54:53','shichaoqiang','2015-04-21 16:43:20'),
	(192,'颜程良','6d6efc&66318c7eaa5e5c7c1378444ae1dafe5a81c3f404','颜程良',0,1,0,0,0,0,'232345655039@test.com','13126789079',1,'23','2015-04-24 16:54:53','23','2015-04-21 16:12:30'),
	(193,'liunaixiang','a9d0d5&7d81a17647919963ad657ae1662fbceea099acef','刘乃祥',0,1,0,4,54,0,'liunaixiang@jinlinbao.com','15010565260',1,'11','2015-04-24 16:54:53','admin','2015-04-25 17:56:09'),
	(194,'songguo','c729d5&44b9b2e1214079a7261d43764128b076899f4c7f','宋国',0,1,0,4,54,0,'songguo@jinlinbao.com','15801054450',1,'11','2015-04-24 16:54:53','admin','2015-04-25 17:56:54'),
	(195,'wangqin','5bd2ba&12b7378b6e90735ea81dc222b40eaf6e22f818e9','王钦',0,1,0,0,0,0,'668569589325@test.com','18600218947',1,'14','2015-04-24 16:54:53','14','2015-04-22 08:47:24'),
	(196,'aojing','97a12b&85be83e202287297badba2e4c8ab5a7b9b9f9789','熬静',0,1,0,0,0,0,'719343400245@test.com','13370141060',1,'14','2015-04-24 16:54:53','14','2015-04-22 09:03:17'),
	(197,'hebo','911d58&edb2d2c8cbef603a11c8516af47fde0b0bf16a71','何波',0,1,0,0,0,0,'341986054576@test.com','18811798740',1,'14','2015-04-24 16:54:53','14','2015-04-22 09:05:13'),
	(198,'xuxiangyun','77ecfa&fe9e07d1686b726492ebb5cbfdf8d992c43e548f','许翔云',0,1,0,0,0,0,'321226472325@test.com','17801060079',1,'14','2015-04-24 16:54:53','14','2015-04-23 09:10:05'),
	(199,'fuzhengqiao','6c5fae&57777094760e229dcc8b23edeb7c7e21bc607068','付正桥',0,1,0,23,2,0,'fuzhengqiao@jinlinbao.com','13811663615',1,'admin','2015-04-25 10:54:01','admin','2015-04-25 11:36:56'),
	(200,'liuguiyan','7f3ae3&d9350c3be832029e808f1af81d6c28276c0bda59','刘桂艳',0,1,0,33,4,0,'liuguiyan@jinlinbao.com','18611197879',1,'admin','2015-04-25 11:03:16','admin','2015-04-25 11:37:37'),
	(201,'songzhongkun','275d9d&93a521470f15083c632337b7705a392dded30c64','宋中坤',0,1,0,17,6,0,'songzhongkun@jinlinbao.com','18510381039',1,'admin','2015-04-25 11:05:22','admin','2015-04-25 11:37:59'),
	(202,'liwei','b4cbeb&4dfb4c0771bbc99b0e86fa474656aa4f47954816','李薇',0,1,0,30,13,0,'liwei@jinlinbao.com','13595134431',1,'admin','2015-04-25 11:07:03','admin','2015-04-25 11:07:03'),
	(203,'moshangde','cb22d5&085ba28ae92e62733d924a2c3a26bf613a4cdfbc','莫尚德',0,1,0,18,10,0,'moshangde@jinlinbao.com','15285606667',1,'admin','2015-04-25 11:08:37','admin','2015-04-25 11:08:36'),
	(204,'liaojingyun','389e20&1b4705f83116372390cf5e5f0c6868e0949d75a4','廖静云',0,1,0,19,11,0,'liaojingyun@jinlinbao.com','13811204935',1,'admin','2015-04-25 11:09:36','admin','2015-04-25 11:09:36'),
	(205,'zhangxuehai','fab8c3&d8cec9c11947a131c25dbb302b2907e4806d1879','张雪海',0,1,0,24,41,0,'zhangxuehai@jinlinbao.com','15810124056',1,'admin','2015-04-25 11:11:11','admin','2015-04-25 11:11:10'),
	(206,'haoshoushuang','f18da7&a345d8f302b512ff937ba26a85830d435b505636','郝守双',0,1,0,28,16,0,'haoshoushuang@jinlinbao.com','13910065172',1,'admin','2015-04-25 11:11:51','admin','2015-04-25 11:11:50'),
	(207,'liuxiaodong','f392d4&5dd560b97e8348790a311484600c247e6dccb4c1','刘晓东',0,1,0,28,17,0,'liuxiaodong@jinlinbao.com','13611225245',1,'admin','2015-04-25 11:13:14','admin','2015-04-25 11:13:14'),
	(208,'zhanghuina','1b9fa2&ae7ebf0ab852bf5ddf0b50a1bb42ad73fb711075','张惠娜',0,1,0,27,18,0,'zhanghuina@jinlinbao.com','18501192861',1,'admin','2015-04-25 11:13:40','admin','2015-04-25 11:13:40'),
	(209,'guoxiaoling','2db8b2&daa04e1449c0c5ea872f55af56e3aaf6d628cd72','郭小铃',0,1,0,27,38,0,'guoxiaoling@jinlinbao.com','18885020666',1,'admin','2015-04-25 11:14:06','admin','2015-04-25 11:14:06'),
	(210,'lizhengmeng','6e44f9&91e1f8ca1c67b8f25f927b905053fa1c59ebe4fc','黎正猛',0,1,0,18,10,0,'lizhengmeng@jinlinbao.com','15285145975',1,'admin','2015-04-25 11:15:06','admin','2015-04-25 11:15:05'),
	(211,'zhoumeitong','5a65dc&59cfef76ce1225579663220c12c5a01a35ca4363','周美彤',0,1,0,31,20,0,'zhoumeitong@jinlinbao.com','15311861603',1,'admin','2015-04-25 11:15:51','admin','2015-04-25 11:15:51'),
	(212,'liuanhua','bbcc59&3a8ac60aed3237c556cdc4bd996b0b0f76d2e2cd','刘安华',0,1,0,30,34,0,'liuanhua@jinlinbao.com','13368693349',1,'admin','2015-04-25 11:17:33','admin','2015-04-25 11:17:33'),
	(213,'sunqizhi','ecc9c1&8bf36b382048bfd4f42c67bcc28bf91ccd33bc83','孙启芝',0,1,0,35,52,0,'sunqizhi@jinlinbao.com','13017439560',1,'admin','2015-04-25 11:17:45','admin','2015-04-25 11:17:45'),
	(214,'jiangshujing','fda2a7&8b237380da48f3fae0185cc8a31aede9b26db3c5','蒋淑静',0,1,0,17,6,0,'jiangshujing@jinlinbao.com','18612490006',1,'admin','2015-04-25 11:18:21','admin','2015-04-25 11:20:48'),
	(215,'yuyuanyuan','8616f2&d40e3fe811aeea1c06191486555cd1ff97136be5','于媛媛',0,1,0,19,36,0,'yuyuanyuan@jinlinbao.com','13311535998',1,'admin','2015-04-25 11:18:26','admin','2015-04-25 11:18:25'),
	(216,'songweichao','a440b4&7f9119efaebf56729a753f92fc233db8b8bba0df','宋维超',0,1,0,21,53,0,'songweichao@jinlinbao.com','13811986863',1,'admin','2015-04-25 11:19:29','admin','2015-04-25 11:19:29'),
	(217,'wangyujun','303c45&381263c3f72c0518ebb75804a466f439b59c4dba','王玉军',0,1,0,9,5,0,'wangyujun@jinlinbao.com','15047869916',1,'admin','2015-04-25 11:19:39','admin','2015-04-25 11:19:39'),
	(218,'qiying','1965b4&4c1a13d484a2a877ae3be29557469ae2c71c88a8','齐英',0,1,0,23,3,0,'qiying@jinlinbao.com','13124778769',1,'admin','2015-04-25 11:22:16','admin','2015-04-25 11:22:16'),
	(219,'dengqingyuan','8f9edc&ce31d6949bd9feb4ee6a3f7a9fdc0315ba3316ef','邓庆元',0,1,0,23,3,0,'dengqingyuan@jinlinbao.com','13301108894',1,'admin','2015-04-25 11:23:03','admin','2015-04-25 11:23:02'),
	(220,'liceng','5c7d4e&1ca6b0fb0cd41d8903d6c16db0c421986f88b568','李层',0,1,0,15,49,0,'liceng@jinlinbao.com','15210839550',1,'admin','2015-04-25 11:24:29','admin','2015-04-25 11:24:28'),
	(221,'xiaguomin','79f42c&c9a510ef13c429cdfe23841dae328c0f98690059','夏国敏',0,1,0,16,26,0,'xiaguomin@jinlinbao.com','15201284107',1,'admin','2015-04-25 11:25:12','admin','2015-04-25 11:25:11'),
	(222,'xupifu','3956b3&c47d008d21df0866fd92f5851a37bf3be3700b32','许丕福',0,1,0,21,46,0,'xupifu@jinlinbao.com','18701531456',1,'admin','2015-04-25 11:25:21','admin','2015-04-25 11:25:20'),
	(223,'yingshijiang','e00c0a&cde18feb3bb1c00f2c277974dd91bfc1b577c099','英士江',0,1,0,19,44,0,'yingshijiang@jinlinbao.com','15047167689',1,'admin','2015-04-25 11:25:37','admin','2015-04-25 11:33:03'),
	(224,'gaoyue','64b36d&3b22a71c1b9e4b466320531cfec8b8702a5da365','郜越',0,1,0,32,55,0,'gaoyue@jinlinbao.com','15810938987',1,'admin','2015-04-25 11:26:05','admin','2015-04-25 11:26:05'),
	(225,'niuwenlong','e88b59&b82095e3c10e2f2455bc9aff55f052dc5026039f','牛文龙',0,1,0,16,26,0,'niuwenlong@jinlinbao.com','18612965072',1,'admin','2015-04-25 11:26:15','admin','2015-04-25 11:26:15'),
	(226,'jiayiqun','6a13d0&7b25102d1c09055557fc35404f8a0a51203dba68','贾依群',0,1,0,28,17,0,'jiayiqun@jinlinbao.com','13801118421',1,'admin','2015-04-25 11:26:55','admin','2015-04-25 11:26:54'),
	(227,'linkang','1c23e2&f37806437ac7978817be0c0a713a3f3cb8a6a5c0','林康',0,1,0,17,6,0,'linkang@jinlinbao.com','18612565263',1,'admin','2015-04-25 11:27:13','admin','2015-04-25 11:27:13'),
	(228,'fenghuixing','bea8ec&5605e3d0b1f83612f1f9318ec03cee2ae9ca39aa','冯慧星',0,1,0,21,45,0,'fenghuixing@jinlinbao.com','13241441081',1,'admin','2015-04-25 11:28:07','admin','2015-04-25 11:28:07'),
	(229,'wanghai','91a44e&414f4ab8ae3f8b739b8898f445bcbfce0474e1ab','王海',0,1,0,29,22,0,'wanghai@jinlinbao.com','13240795987',1,'admin','2015-04-25 11:30:50','admin','2015-04-25 11:30:50'),
	(230,'lvjinlong','e70c31&0a4edf9f4bd4003c9bc1aff7fba6b18d8bef93f0','吕金龙',0,1,0,29,22,0,'lvjinlong@jinlinbao.com','18612173183',1,'admin','2015-04-25 11:32:05','admin','2015-04-25 11:32:05'),
	(231,'xiongcunye','66d3b5&989889fb8be0e1f81e6536612b3c7b61a327c8f8','熊村野',0,1,0,21,30,0,'xiongcunye@jinlinbao.com','13522406381',1,'admin','2015-04-25 11:32:48','admin','2015-04-25 11:32:47'),
	(232,'wangyue','41e35f&18ed4b40e4cd699642808c71f139d97b992c93a4','王悦',0,1,0,24,14,0,'wangyue@Jinlinbao.com','13811275961',1,'admin','2015-04-25 11:32:54','admin','2015-04-25 11:32:54'),
	(233,'shaowei','b19856&cc64087efcc811f963f8fca15aa88a894f1be77a','邵玮',0,1,0,22,57,0,'shaowei@jinlinbao.com','18518179187',1,'admin','2015-04-25 11:33:03','admin','2015-04-25 11:33:02'),
	(234,'suxueran','37a43d&89fec7fab62d82665f6363f2c47031144006229c','苏学然',0,1,0,34,31,0,'suxueran@jinlinbao.com','15101603735',1,'admin','2015-04-25 11:34:11','admin','2015-04-25 11:34:11'),
	(235,'zhangyunfei','ae986d&5d0573e22e48ad71beffa5360c2eb817449f2c8d','张云飞',0,1,0,17,6,0,'zhangyunfei@jinlinbao.com','15910622863',1,'admin','2015-04-25 11:34:37','admin','2015-04-25 11:34:36'),
	(236,'zhangyan','f94caa&364f2922b3c224bbab3ccf141a40c15d770da58a','张艳',0,1,0,32,35,0,'zhangyan@jinlinbao.com','18610069051',1,'admin','2015-04-25 18:07:42','admin','2015-04-25 18:07:42'),
	(237,'guoyanfang','8ac335&4c9c3d7afabf0683fd3179db10d1660ad3661338','郭艳芳',0,1,0,32,35,0,'18310958350@test.com','18310958350',1,'admin','2015-04-25 19:11:07','admin','2015-04-25 19:11:06');

/*!40000 ALTER TABLE `t_user` ENABLE KEYS */;
UNLOCK TABLES;


# Dump of table t_user_role
# ------------------------------------------------------------

DROP TABLE IF EXISTS `t_user_role`;

CREATE TABLE `t_user_role` (
  `id` bigint(20) NOT NULL AUTO_INCREMENT,
  `uid` int(11) NOT NULL DEFAULT '0' COMMENT '用户ID',
  `role_id` int(11) NOT NULL DEFAULT '0' COMMENT '角色ID',
  `update_time` timestamp NOT NULL DEFAULT CURRENT_TIMESTAMP ON UPDATE CURRENT_TIMESTAMP,
  PRIMARY KEY (`id`),
  UNIQUE KEY `uid_roleid` (`uid`,`role_id`)
) ENGINE=InnoDB DEFAULT CHARSET=utf8;

LOCK TABLES `t_user_role` WRITE;
/*!40000 ALTER TABLE `t_user_role` DISABLE KEYS */;

INSERT INTO `t_user_role` (`id`, `uid`, `role_id`, `update_time`)
VALUES
	(1,23,4,'2015-04-25 17:44:50'),
	(2,38,5,'2015-04-25 17:46:11'),
	(4,108,5,'2015-04-25 17:46:55'),
	(6,106,7,'2015-04-25 17:47:26'),
	(7,104,7,'2015-04-25 17:47:59'),
	(8,105,7,'2015-04-25 17:48:12'),
	(9,103,7,'2015-04-25 17:48:36'),
	(10,53,12,'2015-04-25 17:48:58'),
	(11,14,4,'2015-04-25 17:49:02'),
	(12,217,12,'2015-04-25 17:49:36'),
	(13,94,5,'2015-04-25 17:49:37'),
	(14,107,5,'2015-04-25 17:49:52'),
	(15,49,12,'2015-04-25 17:49:53'),
	(16,52,12,'2015-04-25 17:50:04'),
	(17,48,12,'2015-04-25 17:50:20'),
	(18,163,5,'2015-04-25 17:50:32'),
	(19,54,12,'2015-04-25 17:50:37'),
	(20,50,12,'2015-04-25 17:50:52'),
	(21,93,7,'2015-04-25 17:51:05'),
	(22,39,7,'2015-04-25 17:51:16'),
	(23,51,12,'2015-04-25 17:51:22'),
	(24,46,12,'2015-04-25 17:51:35'),
	(25,123,7,'2015-04-25 17:51:42'),
	(26,47,12,'2015-04-25 17:51:53'),
	(27,42,12,'2015-04-25 17:52:11'),
	(28,43,12,'2015-04-25 17:52:29'),
	(29,149,7,'2015-04-25 17:53:11'),
	(30,90,6,'2015-04-25 17:54:17'),
	(31,44,12,'2015-04-25 17:54:24'),
	(32,40,12,'2015-04-25 17:54:40'),
	(33,33,8,'2015-04-25 17:54:54'),
	(34,91,6,'2015-04-25 17:55:09'),
	(35,230,13,'2015-04-25 17:55:10'),
	(36,229,13,'2015-04-25 17:55:31'),
	(37,63,13,'2015-04-25 17:55:45'),
	(38,62,13,'2015-04-25 17:56:00'),
	(39,193,7,'2015-04-25 17:56:09'),
	(40,194,7,'2015-04-25 17:56:54'),
	(41,13,4,'2015-04-25 17:58:14'),
	(42,16,1,'2015-04-25 17:58:43'),
	(43,16,15,'2015-04-25 17:58:43'),
	(44,19,2,'2015-04-25 17:59:01'),
	(45,19,14,'2015-04-25 17:59:01'),
	(46,18,2,'2015-04-25 17:59:13'),
	(47,18,14,'2015-04-25 17:59:13'),
	(48,30,2,'2015-04-25 17:59:32'),
	(49,30,14,'2015-04-25 17:59:32'),
	(50,20,2,'2015-04-25 17:59:44'),
	(51,20,14,'2015-04-25 17:59:44'),
	(52,102,2,'2015-04-25 17:59:56'),
	(53,102,14,'2015-04-25 17:59:56'),
	(54,41,12,'2015-04-25 17:59:56'),
	(55,96,9,'2015-04-25 18:00:24'),
	(56,97,9,'2015-04-25 18:00:39'),
	(57,224,10,'2015-04-25 18:00:56'),
	(58,31,7,'2015-04-25 18:01:06'),
	(59,57,4,'2015-04-25 18:03:04'),
	(60,236,11,'2015-04-25 18:07:42'),
	(67,112,6,'2015-04-25 18:44:00'),
	(68,237,11,'2015-04-25 19:11:06');

/*!40000 ALTER TABLE `t_user_role` ENABLE KEYS */;
UNLOCK TABLES;



/*!40111 SET SQL_NOTES=@OLD_SQL_NOTES */;
/*!40101 SET SQL_MODE=@OLD_SQL_MODE */;
/*!40014 SET FOREIGN_KEY_CHECKS=@OLD_FOREIGN_KEY_CHECKS */;
/*!40101 SET CHARACTER_SET_CLIENT=@OLD_CHARACTER_SET_CLIENT */;
/*!40101 SET CHARACTER_SET_RESULTS=@OLD_CHARACTER_SET_RESULTS */;
/*!40101 SET COLLATION_CONNECTION=@OLD_COLLATION_CONNECTION */;
